doi,year,figure_number,expected_compatible,predicted_compatible,correct,rationale,judge_error
10.1021/sb400003y,2013,1,True,True,True,"Each panel is headed by a cartoon of the expressed construct drawn on a backbone line with RBS and CDS features (monocistronic RBS+FP gene in a-c, bicistronic RBS1+gene1/RBS2+gene2 in d), and the caption states these schematics represent the constructs used. This nucleic-acid design content is directly renderable with SBOL Visual glyphs, even though the surrounding bar charts and kinetic plot are data.",
10.1021/sb400003y,2013,2,True,True,True,"Figure 2 includes a schematic panel above the bar chart depicting the bicistronic construct as sequence features laid out on a backbone (RBS 1 – gene 1 – RBS 2 – gene 2, with an arrow marking the variable spacer region), which is exactly the kind of nucleic-acid design content SBOL Visual glyphs represent. The accompanying bar chart and RNA sequence table are not themselves compatible, but conveying the tested construct's architecture is a purpose of the figure, not incidental.",
10.1021/sb400003y,2013,3,True,True,True,"Figure 3 includes a schematic panel above the bar chart that depicts the bicistronic construct as sequence features laid out on a backbone (RBS 1 – gene 1 – RBS 2 – gene 2, with an arrow marking the varied region upstream of RBS 2), which is exactly the kind of nucleic-acid design content SBOL Visual glyphs represent. Although the quantitative bar chart and sequence table are not themselves SBOL-renderable, communicating the construct's architecture is a primary purpose of that panel, so the figure counts as compatible.",
10.1021/sb400003y,2013,4,True,True,True,"The figure includes a construct schematic panel above the bar chart showing a bicistronic design laid out on a backbone (RBS 1 – gene 1 – RBS 2 – gene 2) with the varied spacer region marked, which is exactly the kind of sequence-feature arrangement SBOL Visual glyphs represent. Although the main quantitative panel is a bar chart, communicating the architecture of the tested constructs is a primary purpose of the figure.",
10.1021/sb400003y,2013,5,True,True,True,"Figure 5 includes a construct schematic panel showing the bicistronic operon design laid out on a backbone (RBS 1 – gene 1 – RBS 2 – gene 2, with the varied spacer region marked), which is exactly the kind of sequence-feature arrangement SBOL Visual glyphs represent. Although the bar chart and sequence table are data content, communicating the construct's design is a primary purpose of the accompanying panel.",
10.1021/sb400003y,2013,6,True,True,True,"Figure 6 includes a schematic panel of the bicistronic construct laid out on a backbone (RBS 1 – gene 1 – RBS 2 – gene 2, with an arrow marking the varied start codon), which is exactly the kind of sequence-feature design that SBOL Visual glyphs represent. Although the main quantitative content is a bar chart, communicating the design of the tested constructs is a primary purpose of the accompanying panel.",
10.1021/sb400066m,2014,1,False,False,True,"Figure 1 is a UML class diagram of the SBOL 1.1 data model, showing object classes (Collection, DnaComponent, DnaSequence, SequenceAnnotation) with their attributes and associations. It is a software data-structure schematic rather than a diagram of an engineered nucleic-acid construct's design, so no SBOL Visual glyphs could represent its content.",
10.1021/sb400066m,2014,2,False,False,True,"The figure is a screenshot of iBioSim's SBML model graphs — species, reactions, rules, parameters, and submodels — i.e., a depiction of mathematical/computational model structure rather than of a nucleic-acid construct's design. Although panel (b) includes a pTet promoter element with repression and production arcs, that appears as a modeling primitive within the SBML representation, not as a layout of sequence features or circuit composition that communicating the construct's design is a primary purpose of.",
10.1021/sb400066m,2014,3,False,False,True,"Figure 3 is a screenshot of the SBOL Browser software interface, showing list boxes, a filter-by-type combo box, and a text panel of metadata and raw DNA sequence for BBa_E0040. It contains no schematic layout of sequence features on a backbone or any other diagrammatic depiction of a construct's design, so there is nothing that could be rendered with SBOL Visual glyphs.",
10.1021/sb400066m,2014,4,False,True,False,"The figure draws the LacI inverter's DNA components as SBOL Visual glyphs (promoter, RBS, CDS, terminator) attached to the graph vertices, showing how those sequence features relate to the species and reactions they annotate. Communicating the composition of the engineered construct and its interactions with molecular species is integral to the figure, not incidental, so it falls within SBOL Visual's scope.",
10.1021/sb400066m,2014,5,False,True,False,"Although the figure's overall form is a model-composition graph, its submodel vertices carry explicit genetic-construct depictions — promoter, CDS, and terminator symbols arranged along a backbone line — and the caption states these are SBOL visual symbols for the subcomponents of the composite DNA components. Communicating the design of the assembled LacI/TetR inverter constructs is therefore an integral purpose of the figure, not an incidental sketch.",
10.1021/sb400066m,2014,6,False,False,True,"Figure 6 is a state-machine (DFA) diagram of labeled states and transitions representing a regular expression, not a depiction of a nucleic-acid construct's layout or composition. The edge labels name part types (promoter, RBS, CDS, terminator) but no sequence features are drawn on a backbone and no construct design is communicated, so it falls under conceptual/computational schematics rather than SBOL Visual content.",
10.1021/sb400066m,2014,7,False,False,True,"Figure 7 is a color-coded XML/RDF code listing showing the syntax of an SBML-to-SBOL annotation, not a diagram of a nucleic-acid construct. Although it references DNA components as URIs, it depicts no sequence features, backbone layout, or molecular interactions that SBOL Visual glyphs could represent.",
10.1021/sb400091p,2014,1,False,True,False,"Panels A and D are schematic maps of an engineered nucleic-acid construct: linear promoter backbones annotated with sequence features (TATA boxes and other TFBS motifs) and the assembly of those features into the synthetic core promoter pCore11. Communicating the design of that construct is a primary purpose of the figure, so it could be drawn with SBOL Visual glyphs.",
10.1021/sb400091p,2014,2,False,True,False,"Panel A is a design schematic of engineered pAOX1 core promoter variants, drawing each construct as a linear DNA element with annotated sequence features (TATA box, TSS, transferred pCore11 regions, yellow length-correction insertions) — content directly expressible with SBOL Visual promoter and sequence-feature glyphs. Panel B is a bar chart of expression data and is not itself compatible, but communicating construct design is a primary purpose of panel A, which is sufficient under the checklist.",
10.1021/sb4001118,2014,1,False,False,True,"The figure is a protein-level conceptual schematic of the Pdu bacterial microcompartment shell, its metabolic pathways (1,2-PD utilization vs. ethanol production), and signaling-peptide-mediated enzyme targeting, with protein structure renderings. It shows no nucleic-acid sequence features, backbone layout, or genetic construct design, so there is nothing that SBOL Visual glyphs would represent.",
10.1021/sb4001118,2014,2,False,False,True,"Panels (a) and (b) are protein-only NMR structural renderings of the P18 peptide (ribbon model and solvent-accessible surface colored by STD transfer), and panel (c) is a bar chart of qSTD amplification factors. There is no nucleic-acid construct, sequence-feature layout, or genetic circuit design content that could be represented with SBOL Visual glyphs.",
10.1021/sb4001118,2014,3,False,False,True,"Figure 3 consists solely of six NMR data plots (NOE intensity vs. mixing time) for a peptide in the presence and absence of PduK protein. It contains no nucleic-acid design content, sequence features, or construct architecture that SBOL Visual glyphs could represent.",
10.1021/sb4001118,2014,4,False,False,True,"Figure 4 consists solely of transmission electron micrographs of E. coli thin sections showing APEX/DAB staining localization; it contains no diagram of construct architecture, sequence features, or genetic circuit composition. Although the caption names the pduABJKNU genes carried by the strains, that is strain annotation rather than a design diagram, so no panel is renderable in SBOL Visual.",
10.1021/sb4001118,2014,5,False,False,True,"Figure 5 is a single time-course data plot of ethanol concentration (mM, normalized to OD600 = 1) versus time for four E. coli strains, with error bars and a symbol legend. It contains no diagram of sequence features, plasmid or circuit composition, or construct-level interactions, so there is nothing that SBOL Visual glyphs could represent.",
10.1021/sb4001118,2014,6,False,False,True,"Figure 6 consists solely of ethanol-production time-course line graphs (panels a, c) and SDS-PAGE gel images (panels b, d). No panel depicts nucleic-acid sequence features, plasmid/circuit composition, or construct design, so there is nothing that SBOL Visual glyphs could represent.",
10.1021/sb4001118,2014,7,False,False,True,"Figure 7 consists solely of photographs of centrifuged tubes and SDS-PAGE gel images showing protein solubility across NaCl concentrations. It contains no diagram of nucleic-acid sequence features, construct composition, or genetic circuit architecture that could be drawn with SBOL Visual glyphs.",
10.1021/sb4001118,2014,8,False,False,True,"Figure 8 consists solely of TEM and AFM micrographs (a, b), an SDS-PAGE gel (c), and a bar chart of specific activity (d). No panel is a diagram of a nucleic-acid construct, plasmid, or genetic circuit, so there is nothing that could be drawn with SBOL Visual glyphs.",
10.1021/sb400156v,2014,1,False,False,True,"Figure 1 consists solely of two bar charts (panels A and B) reporting percent survival data for control and library strains under ethanol exposure. It contains no diagram of construct architecture, sequence features, or plasmid composition, so there is nothing that SBOL Visual glyphs could represent.",
10.1021/sb400156v,2014,2,False,False,True,"Figure 2 is a single bar chart of percent survival across plasmid/strain combinations, with fold-improvement values and significance markers. It presents quantitative assay data only and contains no diagram of construct architecture or sequence features, so there is nothing that SBOL Visual glyphs would render.",
10.1021/sb400156v,2014,3,False,False,True,"All four panels (A–D) are quantitative data plots — bar charts of growth enrichment ratios and a line chart of cell density over time. Plasmid names appear only as axis labels; no panel depicts sequence features, plasmid composition, or functional interactions that SBOL Visual glyphs could represent.",
10.1021/sb400156v,2014,4,False,False,True,"Figure 4 is a single bar chart of GE_V6 growth-assay values across plasmid-bearing strains, with error bars and a significance marker. It presents quantitative results only and contains no diagram of construct architecture, plasmid composition, or molecular interactions that SBOL Visual glyphs could represent.",
10.1021/sb400156v,2014,5,False,False,True,"Figure 5 consists solely of four bar charts (panels A–D) reporting percent survival and GEV6 data for E. coli strains under ethanol and n-butanol stress. Plasmid names appear only as axis labels; no panel depicts sequence features, plasmid composition, or construct architecture that could be drawn with SBOL Visual glyphs.",
10.1021/sb400156v,2014,6,False,False,True,"Figure 6 consists solely of four data plots (cell density, glucose, ethanol, and viable cell counts over time) from fermentation experiments. Although the caption names plasmid combinations, no panel depicts construct architecture, sequence features, or molecular interactions that SBOL Visual glyphs could represent.",
10.1021/sb400156v,2014,7,False,False,True,"Figure 7 is a cyclic workflow/protocol schematic of a library screening and enrichment method (extract DNA, construct library, transform, screen, isolate, incorporate, repeat), not a depiction of a construct's design. The small 'DNA Brick' sketch with Gene A/B/C arrows and the plasmid circles are incidental illustrative elements within the workflow, which the historical checklist excludes from counting.",
10.1021/sb500084f,2014,1,False,True,False,"The figure diagrams cis-regulatory architecture directly on a DNA backbone — operator sites O_A and O_B, core promoter elements, and transcription start arrow — in adjacent and overlapping arrangements, with transcription factors TFa/TFb shown binding those operators. This sequence-feature layout and protein–DNA interaction content is exactly what SBOL Visual operator, promoter, and interaction glyphs express, and communicating that arrangement is the figure's primary purpose.",
10.1021/sb500084f,2014,2,False,False,True,"All three panels (A, B, C) are stacked bar charts quantifying counts of overlapping and adjacent transcription-factor binding-site pairs classified as same or opposite effect. The figure presents statistical data only, with no diagram of a nucleic-acid construct, sequence-feature layout, or circuit composition that could be drawn with SBOL Visual glyphs.",
10.1021/sb500084f,2014,3,False,False,True,"Figure 3 consists solely of three WebLogo sequence logos (panels A–C) plotting per-position information content in bits for the CRP, Fis, and IHF binding motifs. These are statistical data plots of position weight matrices, not diagrams of an engineered construct's design, so there is no sequence-feature layout or circuit composition that SBOL Visual glyphs could represent.",
10.1021/sb500084f,2014,4,False,False,True,"Figure 4 consists solely of three hexbin scatter density plots comparing binding-site PWM scores (CRP-Fis, CRP-IHF, Fis-IHF) in random sequence data sets. It is purely a data plot with no depiction of construct architecture, sequence features on a backbone, or molecular interactions.",
10.1021/sb500084f,2014,5,False,False,True,"Figure 5 consists solely of four line plots (A-D) showing average PWM scores versus generation for CRP, Fis, IHF, and fitness during an evolutionary optimization. It contains no depiction of sequence features, construct layout, or molecular interactions, so there is nothing that SBOL Visual glyphs could represent.",
10.1021/sb500084f,2014,6,False,True,False,"Panel A is a linear construct map of the lac promoter reporter insert, showing the CRP operator, -35/-10 RNAP binding boxes, lacO operator, and EcoRI/BamHI restriction sites on a backbone upstream of a GFPlva reporter. Communicating this construct's design is a primary purpose of the figure, and these sequence features map directly onto SBOL Visual glyphs even though panels B and C are micrographs and bar charts.",
10.1021/sb500084f,2014,7,False,True,False,"Alongside the binding-score scatter plot, Figure 7 includes two explicit promoter architecture schematics (top: an overlapping O_CRP-IHF operator upstream of a core promoter; bottom: separate adjacent O_IHF and O_CRP operators upstream of a core promoter), each drawn as sequence features laid out left-to-right on a DNA backbone. These panels communicate the design of engineered cis-regulatory constructs and could be rendered with SBOL Visual operator/promoter glyphs.",
10.1021/sb500242x,2015,1,False,False,True,"Figure 1 is a plain amino acid sequence listing of the TaGSTU4-4 protein with substitution variants annotated above the wild-type residues. It contains no nucleic-acid construct design, sequence features on a backbone, or molecular interactions that SBOL Visual glyphs could represent.",
10.1021/sb500242x,2015,2,False,False,True,"Figure 2 is a single-panel unrooted neighbor-joining phylogenetic tree showing the sequence-distance distribution of 95 GST infologs around the wtGST center point. It is a data plot of sequence relationships with no depiction of sequence features, backbone layout, circuit composition, or molecular interactions, so there is no construct design content to render with SBOL Visual glyphs.",
10.1021/sb500242x,2015,3,False,False,True,"All four panels (A1, A2, B1, B2) are quantitative data plots — predicted-vs-measured activity scatter plots and calculated-weight distribution charts for amino acid substitutions. There is no depiction of nucleic-acid sequence features, construct composition, or molecular interactions that SBOL Visual glyphs could represent.",
10.1021/acssynbio.5b00094,2016,1,False,False,True,"Panel A is a microfluidic device layout (ports, channels, cell-trapping chamber) and panels B and C are brightfield micrographs of PDMS posts; no panel depicts nucleic-acid sequence features, plasmid/circuit composition, or molecular interactions with a construct. This is device hardware and imaging data, so nothing here could be expressed with SBOL Visual glyphs.",
10.1021/acssynbio.5b00094,2016,2,False,False,True,"Figure 2 consists solely of time-lapse phase-contrast micrographs of three microalgal/cyanobacterial species growing in microfluidic chambers at 0, 16, 40, and 65 h. It contains no diagrammatic representation of sequence features, constructs, or genetic circuit composition, so there is nothing that SBOL Visual glyphs could express.",
10.1021/acssynbio.5b00094,2016,3,False,False,True,"Figure 3 consists only of segmented/phase micrographs of Synechocystis cells (A, B) and quantitative data plots of cell area over time and division-time frequency (C, D). No panel depicts nucleic-acid sequence features, plasmid or circuit composition, or molecular interactions with a construct, so there is nothing that could be rendered with SBOL Visual glyphs.",
10.1021/acssynbio.5b00094,2016,4,False,False,True,"Figure 4 consists only of microscopy images (panel A: phase contrast and YFP fluorescence micrographs) and time-series data plots of cell length and YFP intensity (panels B and C). No panel depicts sequence features, plasmid or circuit composition, or molecular interactions of an engineered nucleic-acid construct, so there is nothing SBOL Visual glyphs could represent.",
10.1021/acssynbio.5b00094,2016,5,False,False,True,"Figure 5 is a single time-series data plot showing chlorophyll fluorescence, cell area, and ammonia pulse signal versus time. It contains no diagram of sequence features, genetic circuit composition, or construct-level molecular interactions that SBOL Visual glyphs could represent.",
10.1021/acssynbio.5b00096,2016,1,False,False,True,"All three panels are conceptual/mechanistic protein-level cartoons — an abstract input/output box for the TA+osPOM system (a), E6-mediated polyubiquitination and proteosomal degradation of a target protein (b), and the same mechanism applied to an E6-sPOM–Kis fusion releasing Kid (c). No nucleic-acid construct design is shown: there is no backbone, promoter, RBS, CDS, or terminator layout, and no plasmid or circuit composition that SBOL Visual glyphs could represent.",
10.1021/acssynbio.5b00096,2016,2,False,False,True,"Panel (a) is a protein domain-architecture map of human MAGI-1 and the FLAG-Kis chimeric protein drawn in amino-acid coordinates (1–1491), not a nucleic-acid construct laid out on a backbone with promoters, RBSs, CDSs, or terminators; the remaining panels (b–e) are growth-spot assays and Western/Coomassie blot images. With no panel whose primary purpose is communicating a genetic construct's design, the figure falls under the protein-only and gel/data-image exclusions.",
10.1021/acssynbio.5b00096,2016,3,False,False,True,"Figure 3 consists solely of quantitative data plots (bar charts of relative cell number and Annexin-V binding, and line graphs of nuclear fragmentation index) reporting cell-killing assay results. No panel depicts construct architecture, sequence features, or genetic circuit composition, so there is nothing that SBOL Visual glyphs would render.",
10.1021/acssynbio.5b00103,2016,1,False,False,True,"Figure 1 is a purely metabolic pathway map showing chemical intermediates, enzymatic conversions, and cofactors for xylose/glucose assimilation, with no nucleic-acid design content. It depicts no promoters, RBSs, CDSs, terminators, backbones, plasmids, or genetic circuit composition that SBOL Visual glyphs could represent.",
10.1021/acssynbio.5b00103,2016,2,False,False,True,"Both panels of Figure 2 are growth-curve data plots (OD600 versus time) for wild-type and ΔxylB E. coli strains under different carbon sources and plasmid-expressed enzymes. Plasmid names appear only as legend labels; no sequence features, backbone layout, circuit composition, or molecular interactions are diagrammed, so there is no construct design content to render with SBOL Visual glyphs.",
10.1021/acssynbio.5b00103,2016,3,False,False,True,"Figure 3 consists solely of two time-course line plots (A and B) of OD600 and metabolite concentrations for wild-type and Pen205 strains. It contains only quantitative data plots with no diagram of sequence features, plasmid composition, or genetic circuit design, so there is nothing that could be rendered with SBOL Visual glyphs.",
10.1021/acssynbio.5b00103,2016,4,False,False,True,"Figure 4 consists solely of transcriptomics data visualizations — a hierarchically clustered expression heatmap with dendrogram and six line plots of log2 expression profiles per cluster, annotated with KEGG ontology terms. No panel depicts sequence features, backbone layout, plasmid/circuit composition, or regulatory interactions of an engineered construct, so there is nothing that could be rendered with SBOL Visual glyphs.",
10.1021/acssynbio.5b00103,2016,5,False,False,True,"Figure 5 is a single bar chart of molar yields (EG, GA, and total C2) across engineered E. coli strains, with plasmid/genotype labels only on the x-axis. It presents quantitative data rather than any diagram of construct or circuit design, so there is nothing that could be rendered with SBOL Visual glyphs.",
10.1021/acssynbio.5b00216,2016,1,False,False,True,"Panel (a) is a metabolite-level central metabolic pathway map, panel (b) is a text table of sgRNA target sequences and PAMs, and panel (c) is a bar chart of lysine titers; none of these is a diagram of a nucleic-acid construct's design. No promoter/RBS/CDS/terminator layout, plasmid composition, or construct-level interaction diagram is drawn or implied as a purpose of the figure.",
10.1021/acssynbio.5b00216,2016,2,False,False,True,"Panel (a) is a metabolite/enzyme pathway map with no nucleic-acid design content, panel (b) is a text table of sgRNA target sequences and PAMs rather than a diagram, and panel (c) is a bar chart of glutamate titers. No panel depicts sequence features, plasmid composition, or circuit architecture that SBOL Visual glyphs would represent.",
10.1021/acssynbio.5b00216,2016,3,False,False,True,"Panel (a) is a metabolite-level central metabolic pathway map, panel (b) is a text table of sgRNA target sequences and PAMs, and panel (c) is a bar chart of glutamate titers; none of these is a diagram of an engineered nucleic-acid construct's design. No promoters, RBSs, CDSs, terminators, plasmid composition, or backbone layout is depicted anywhere in the figure.",
10.1021/acssynbio.5b00216,2016,4,False,False,True,"Figure 4 consists solely of quantitative bar charts (panels a–c) reporting mRNA relative levels and amino acid titers per dry weight for pgi, pck, and pyk CRISPRi targeting. No panel depicts sequence features, plasmid/circuit composition, or construct-level design content that SBOL Visual glyphs could represent.",
10.1021/acssynbio.5b00216,2016,5,False,False,True,"Figure 5 consists solely of three bar charts (panels a–c) reporting specific Pgi, Pck and Pyk enzyme activities in crude extracts across CRISPRi-targeted strains. It is quantitative assay data with no diagram of sequence features, plasmid composition, or construct architecture, so there is nothing that SBOL Visual glyphs could represent.",
10.1021/acssynbio.5b00226,2016,1,False,True,False,"Figure 1 diagrams the 'pancake inversion motif' as a linear DNA construct: a component (coding sequence) flanked by nested pairs of oriented invertase recognition sites, drawn as directional triangle glyphs on a backbone. Communicating this sequence-feature layout of an engineered nucleic-acid device is the figure's sole purpose, and it could be rendered with SBOL Visual recombination-site and CDS glyphs.",
10.1021/acssynbio.5b00226,2016,2,False,True,False,"All four panels depict the physical layout of an engineered DNA construct — numbered DNA elements flanked by directional invertase/recombinase recognition sites arranged along a backbone — and show how successive recombinase-mediated inversions rearrange that construct. Communicating this sequence-feature architecture is the figure's primary purpose, and it could be drawn with SBOL Visual glyphs for recombination sites and inverted components.",
10.1021/acssynbio.5b00226,2016,3,False,True,False,"Figure 3 is a schematic of a linear DNA construct showing an ordered arrangement of directional recombinase/invertase recognition sites (Correct, Link, Flip) flanking a genetic component, with connecting lines to upstream and downstream components. This is nucleic-acid design content that maps directly onto SBOL Visual glyphs (recombination sites, engineered region, backbone).",
10.1021/acssynbio.5b00226,2016,4,False,True,False,"Each panel depicts a linear DNA construct laid out as an ordered series of sequence features — directional invertase recognition sites (Link, Correct, Flip) flanking numbered elements — with the inversions that rearrange them, which is exactly the kind of recombinase-site construct design SBOL Visual glyphs (recombination sites, inverted feature orientation) are meant to express. Communicating the permuton construct's design is the primary purpose of the figure, not an incidental sketch within a mechanism or workflow illustration.",
10.1021/acssynbio.5b00226,2016,5,False,False,True,"All four panels (a–d) are quantitative data plots — line graphs of maximum key length and invertase count versus element number, a histogram of key-length distributions, and a bar plot of key-length differences across permutations. No panel depicts sequence features, construct layout, or circuit composition, so there is no nucleic-acid design content that could be rendered with SBOL Visual glyphs.",
10.1021/acssynbio.5b00229,2016,1,False,False,True,"Panel (a) is a conceptual cartoon of dividing cells diluting a cytoplasmic protein, while panels (b) and (c) are mathematical-model plots (Hill functions and protein-concentration heatmaps); no panel depicts sequence features, a construct backbone, circuit composition, or interactions involving a nucleic-acid design. Nothing here communicates the design of an engineered construct, so there is no content that SBOL Visual glyphs could represent.",
10.1021/acssynbio.5b00229,2016,2,False,False,True,"Figure 2 consists solely of data plots from a mathematical model — a line graph of protein concentration probability distributions over time (panel a) and heatmaps of normalized probability dynamics for different growth-arrest orders (panel b). No panel depicts nucleic-acid sequence features, construct or plasmid composition, or molecular interactions that could be rendered with SBOL Visual glyphs.",
10.1021/acssynbio.5b00229,2016,3,False,False,True,"Figure 3 consists solely of three line-plot panels (a–c) of K-L divergence and mean protein concentration versus log growth arrest rate, output from an analytical model. It contains no nucleic-acid construct design, sequence features, or molecular interaction diagram that could be drawn with SBOL Visual glyphs.",
10.1021/acssynbio.5b00229,2016,4,False,False,True,"Figure 4 consists solely of three line plots (panels a-c) showing probability distributions, divergence versus growth arrest rate, and mean protein concentration versus shape parameter from a mathematical model. It contains no diagram of nucleic-acid sequence features, construct or circuit composition, or molecular interactions that could be rendered with SBOL Visual glyphs.",
10.1021/acssynbio.5b00237,2016,1,False,False,True,"Figure 1 comprises a conceptual biological mechanism cartoon of R body-mediated killing in Paramecium (A), electron/phase-contrast micrographs and tube photographs (B, C, F, H), a circular dichroism spectrum and secondary-structure table (D, E), and an absorbance/pH time-course plot (G). No panel depicts nucleic-acid sequence features, plasmid composition, or genetic circuit design, so there is nothing that SBOL Visual glyphs would represent.",
10.1021/acssynbio.5b00237,2016,2,False,False,True,"Figure 2 consists only of a photograph of 96-well plates (A), an absorbance-versus-pH data plot (B), and phase contrast micrographs (C). No panel depicts a nucleic-acid construct, plasmid, or genetic circuit design, so there is nothing that SBOL Visual glyphs could represent.",
10.1021/acssynbio.5b00237,2016,3,False,True,False,"Panel A includes an explicit plasmid map of the engineered construct — the rebA/rebB and rebC/rebD coding sequences of the reb operon drawn as directional arrow glyphs on a circular pET vector backbone — which is exactly the kind of nucleic-acid composition SBOL Visual glyphs represent. Although panels B–E (plate photo, absorbance plot, EM micrograph, sequence alignment) are not compatible content, and panel A also carries workflow elements, the construct's composition is drawn deliberately rather than incidentally, so the figure counts.",
10.1021/acssynbio.5b00237,2016,4,False,False,True,"Panel A is a protein amino-acid sequence alignment of RebA mutants, panel B is a data plot of normalized A590 versus pH, and panel C is phase-contrast micrographs; none of the panels depict nucleic-acid sequence features, construct architecture, or circuit-level interactions. Communicating a construct's design is not a purpose of any panel, so there is nothing that SBOL Visual glyphs could represent.",
10.1021/acssynbio.5b00237,2016,5,False,False,True,"Figure 5 consists of a cartoon of an experimental protocol (spheroplasting and buffer change) in panel A, a quantitative plot in panel B, and fluorescence micrographs/time-lapse montages in panels C-G. No panel depicts nucleic-acid sequence features, plasmid composition, or genetic circuit design; panel A is a workflow schematic showing cell treatment rather than construct architecture.",
10.1021/acssynbio.5b00257,2016,1,True,True,True,"Panel (a) presents annotated circular plasmid maps of the cargo donor, backbone acceptor, and recombined products, showing sequence features (gfp, ccdB, antibiotic-resistance markers, origins, and flanking linker/restriction sites) laid out on a backbone. Communicating the composition of these constructs is a primary purpose of the panel, so it could be drawn with SBOL Visual glyphs despite the surrounding workflow, plot, and plate photograph.",
10.1021/acssynbio.5b00257,2016,2,True,True,True,"Panels 2a and 2b each include an explicit cargo construct diagram drawn on a backbone — a T7 promoter driving the four-gene crtEBIY operon with a terminator, and a T7-narK-gfp fusion with terminator — which are directly renderable with SBOL Visual promoter, CDS, and terminator glyphs. Although the figure also contains colony images, fluorescence plates, heat maps, and a protein structure, communicating the design of these constructs is a primary purpose of the illustrated panels.",
10.1021/acssynbio.5b00284,2016,1,False,False,True,"Figure 1 is a software workflow schematic of the FlowCal package, showing file inputs, processing modules (gating, subpopulation identification, standard curve fitting), and an Excel output table, illustrated with flow cytometry histograms, density plots, and a calibration curve. It contains no nucleic-acid construct, plasmid, or genetic circuit design content that SBOL Visual glyphs could represent.",
10.1021/acssynbio.5b00284,2016,2,False,False,True,"All six panels (A–F) are quantitative data plots — flow cytometry histograms, an RCV distribution, a light dose-response curve, and a cross-instrument calibration scatter with linear fit. No panel depicts sequence features, plasmid/circuit composition, or regulatory interactions; constructs like the Ptac-sfGFP and CcaS-CcaR systems are only named in the caption, never drawn.",
10.1021/acssynbio.6b00027,2016,1,False,False,True,"Both panels depict protein-level fusion architectures (Atox1/WD4 Zn2+-binding domains with Cerulean/Citrine or Vivid domains) and their conformational switching mechanism, with no nucleic-acid sequence features, backbone layout, or genetic circuit composition shown. This is a protein-only mechanism schematic, which the historical panel did not count.",
10.1021/acssynbio.6b00027,2016,2,False,False,True,"Panel A depicts a protein-level fusion architecture (Cerulean–Vivid–Atox1–WD4–Vivid–Citrine domains and their light-driven conformational switching), not a nucleic-acid construct with sequence features on a backbone, and the remaining panels are an SDS-PAGE gel, absorbance spectra, recovery kinetics, and FRET titration plots. No panel communicates the DNA-level design of the construct, so there is nothing SBOL Visual glyphs would represent.",
10.1021/acssynbio.6b00027,2016,3,False,False,True,"Figure 3 is a thermodynamic/equilibrium scheme showing protein domain cartoons (Atox1, WD4, Vivid) with dissociation-constant equations for Zn2+ binding and Vivid homodimerization. It is a protein-only mechanistic and mathematical model with no nucleic-acid sequence features, backbone layout, or genetic construct design content.",
10.1021/acssynbio.6b00027,2016,4,False,False,True,"Panel A is a protein domain-architecture schematic of WD4–linker–Vivid fusion variants with amino-acid linker sequences, not a nucleic-acid construct laid out on a backbone; panel B is a data table and panels C–D are titration plots. The figure communicates protein-level design and biophysical measurements, so it falls under the protein-only/data-plot exclusions.",
10.1021/acssynbio.6b00027,2016,5,False,False,True,"Panel A is a linear domain-architecture map of VividZn fusion proteins (Atox1, GGSGGS linkers, WD4, with Cys/Ser substitutions) at the protein level, with no promoters, RBSs, terminators, or backbone/nucleic-acid design content; panel B is a table of dissociation constants and panels C-H are FRET titration plots. None of the panels communicate the design of an engineered nucleic-acid construct.",
10.1021/acssynbio.6b00027,2016,6,False,False,True,"Panel A is a protein-only mechanism cartoon of the redCALWY-3 FRET sensor showing light-driven Zn2+ transfer between fluorescent-protein/metal-binding domains, with no nucleic-acid sequence features, backbone layout, or genetic construct design; panels B and C are fluorescence spectra and kinetic data plots. Nothing in the figure communicates a DNA construct's design, so there is no content SBOL Visual glyphs could represent.",
10.1021/acssynbio.6b00027,2016,7,False,False,True,"Figure 7 consists only of confocal fluorescence micrographs of HeLa cells (A) and a time-course emission-ratio plot (B). It contains no diagram of nucleic-acid sequence features, plasmid/circuit composition, or construct design that could be drawn with SBOL Visual glyphs.",
10.1021/acssynbio.6b00125,2017,1,False,True,False,"Both panels are linear nucleic-acid feature maps drawing annotated promoter regions, CpG islands, and 19-nt saRNA target sites positioned on a numbered sequence backbone, which is precisely the sequence-feature-on-backbone content SBOL Visual glyphs (promoter, region/annotation arrows) are designed to express. Communicating the layout of these sequence features is the figure's primary purpose, not an incidental sketch within a mechanism or workflow illustration.",
10.1021/acssynbio.6b00125,2017,2,False,False,True,"All five panels (a-e) are flow cytometry fluorescence histograms plotting cell frequency against log fluorescence — data plots only, with no diagram of construct architecture, sequence features, or genetic circuit composition. The plasmids and promoters are named in the caption but never depicted as a design.",
10.1021/acssynbio.6b00125,2017,3,False,False,True,"All five panels (a-e) of Figure 3 are flow cytometry fluorescence histograms plotting cell frequency against log fluorescence — purely experimental data plots. No panel depicts construct architecture, sequence features, or genetic interactions, so there is nothing that could be rendered with SBOL Visual glyphs.",
10.1021/acssynbio.6b00125,2017,4,False,False,True,"Figure 4 is a single bar chart of EGFP fluorescence values across mock control and saRNA-induced conditions, with error bars and significance asterisks. It contains no diagram of construct architecture or sequence features — the pLJM1/CMV design is described only in the caption text, not drawn.",
10.1021/acssynbio.6b00125,2017,5,False,False,True,"Figure 5 is a single bar chart of flow-cytometry fluorescence medians across mock control, fCMV1-induced, and fCMV3-induced conditions, with error bars and significance asterisks. It presents only quantitative data and contains no diagram of sequence features, plasmid composition, or construct architecture that SBOL Visual glyphs could represent.",
10.1021/acssynbio.6b00125,2017,6,False,True,False,"Figure 6 is an annotated nucleic-acid feature map: the MSCV 5′LTR promoter, a CpG island, and strand-specific saRNA target sites are laid out positionally along a DNA backbone with directional arrows. Communicating this sequence-feature architecture is the figure's primary purpose, and the same content could be drawn with SBOL Visual promoter, region, and orientation glyphs.",
10.1021/acssynbio.6b00125,2017,7,False,False,True,"Figure 7 is a single grouped bar chart of EGFP and EBFP2 fluorescence medians across saRNA transfections, with error bars and significance markers. Although the caption describes the pLEH1 plasmid's promoter–reporter architecture, the figure itself contains no construct diagram, so there is nothing that could be redrawn with SBOL Visual glyphs.",
10.1021/acssynbio.6b00125,2017,8,False,False,True,"Figure 8 is a single grouped bar chart of qPCR gene expression levels (percent relative to mock transfection) across seven genes for four saRNA conditions, with error bars and significance asterisks. It is purely quantitative data with no diagram of sequence features, construct architecture, or molecular interactions that SBOL Visual glyphs could represent.",
10.1021/acssynbio.6b00228,2017,1,False,False,True,"Figure 1 shows only chemical structures of AEGIS nucleobases and their hydrogen-bonding donor/acceptor patterns, a base-pairing chemistry illustration with no sequence features, backbone layout, or construct design content. Per the checklist, base-pairing and mechanism illustrations without construct design as a primary purpose are not counted.",
10.1021/acssynbio.6b00228,2017,2,False,False,True,"Figure 2 is a biosynthetic/metabolic pathway schematic tracing AEGIS nucleosides through transport, stepwise kinase phosphorylation, and polymerase incorporation, drawn as chemical structures and enzymatic arrows rather than construct design. The small plasmid circle labeled 'plasmid containing ZPKX' is an incidental endpoint sketch with no sequence features, backbone layout, or circuit composition, so under the panel's exception for mechanism illustrations it is not counted.",
10.1021/acssynbio.6b00228,2017,3,False,False,True,"Figure 3 is a phosphorimager image of a PEI-cellulose TLC plate showing radiolabeled monophosphate product spots for each nucleoside substrate. It is experimental image data with no diagram of nucleic-acid construct design, sequence features, or genetic circuit composition.",
10.1021/acssynbio.6b00228,2017,4,False,False,True,"Figure 4 is a single kinetic data plot (absorbance at 340 nm versus time) showing phosphorylation rates for each nucleoside substrate in an enzyme-coupled assay. It contains no nucleic-acid construct design, sequence features, or circuit composition that SBOL Visual glyphs could represent.",
10.1021/acssynbio.6b00228,2017,5,False,False,True,"Figure 5 shows crystal-structure renderings of the DmdNK active site with bound nucleoside/nucleotide ligands and hydrogen-bonding contacts, which is protein structural/mechanistic content rather than a diagram of an engineered nucleic-acid construct. No sequence features, backbone layout, circuit composition, or design-level interactions are communicated, so there is nothing to represent with SBOL Visual glyphs.",
10.1021/acssynbio.6b00297,2017,1,False,False,True,"Figure 1 is a laboratory protocol/workflow schematic depicting directed-evolution cycles and mutagenesis strategies (error-prone PCR, site-saturation, combinatorial codon mutagenesis) as annealing primer pools and fragment/joining PCR steps on generic linear DNA strands. The DNA drawings illustrate base-pairing and method mechanics rather than the design of an engineered construct, so it falls under the documented workflow/base-pairing exception.",
10.1021/acssynbio.6b00297,2017,2,False,False,True,"Figure 2 consists solely of data plots — a bar chart of codon changes per gene (A), a pie chart of amino acid percentages at mutated sites (B), and a stacked bar chart of mutation frequency at targeted residues (C). No panel depicts sequence features, construct architecture, or functional interactions that SBOL Visual glyphs could represent.",
10.1021/acssynbio.6b00297,2017,3,False,False,True,"Panel A shows protein crystal/homology structures, panel B is a bar chart of codon changes per clone, and panel C is a reaction scheme with kinetics tables. No panel depicts nucleic-acid construct design — no sequence features, backbones, plasmids, or circuit composition that SBOL Visual glyphs could represent.",
10.1021/acssynbio.6b00297,2017,4,False,False,True,"Figure 4 is a color-coded amino-acid residue table listing targeted protein residues for five POP-E7 variants alongside enantiomeric excess values; it is tabular protein sequence/mutation data with no nucleic-acid construct layout, circuit composition, or molecular interaction content. Nothing in it could be expressed with SBOL Visual glyphs.",
10.1021/acssynbio.6b00374,2017,1,True,True,True,"Panel (a) is a plasmid map of pHG11-sgRNA-dCas9-GFP showing promoters, CDSs (sgRNA, lacI, dCas9, gfp), terminators, RBS, and template/non-template strand annotations laid out on a backbone — construct design is a primary purpose of the figure. Panels (b)–(e) are data plots, but the presence of panel (a) makes the figure SBOL Visual compatible.",
10.1021/acssynbio.6b00374,2017,2,True,True,True,"Panel (b) is a genetic construct diagram: five CRISPRi plasmid designs drawn as linear backbones with promoters (pCI, placI, ptac), CDSs (sgRNA, mtrA/mtrB/mtrC-NT1, lacI, dCas9), and terminators, which is exactly the sequence-feature layout SBOL Visual glyphs represent. Communicating this construct design is a primary purpose of the figure, so it counts despite the surrounding mechanism schematic and data plots.",
10.1021/acssynbio.6b00374,2017,3,True,True,True,"Panel (a) presents linear plasmid maps of the CRISPRi constructs, showing promoters (pCI, placI, ptac), CDSs (sgRNA cassettes, lacI, dCas9), and terminators laid out on a backbone — construct design that maps directly onto SBOL Visual glyphs. The remaining panels (b–e) are data plots, but the design content in (a) is a primary purpose of the figure.",
10.1021/acssynbio.6b00374,2017,4,True,True,True,"Panel (a) is a genetic construct diagram: the pHG11-sRNA-GFP-hfq plasmid drawn as a backbone with promoters (pCI, plac, placI, ptac), CDSs (sRNA, gfp, lacI, hfq), a terminator (rrnB), and an expanded promoter-RBS-gfp-terminator reporter cassette plus the sRNA module's binding region, scaffold, and T1/TE terminator. Communicating this construct's design is a primary purpose of the figure, and all of these elements map directly onto SBOL Visual glyphs, so the remaining data plots in (b)-(d) do not disqualify it.",
10.1021/acssynbio.6b00374,2017,5,True,True,True,"Panel (a) presents plasmid maps of four constructs drawn as linear backbones with promoters (pCI, placI, ptac), CDSs (lacI, dCas9, hfq), sgRNA/sRNA coding features, and terminators — genetic design content directly renderable with SBOL Visual glyphs. Panels (b)–(d) are data plots, but the construct design in (a) is a primary purpose of the figure.",
10.1021/acssynbio.6b00379,2017,1,False,True,False,"Panel A is a linear map of the M. hominis-specific TAR vector showing named sequence features laid out on a backbone (60 bp homology arms, Arg-tRNA, ARSH4, CEN6, HIS3, tet(M)) with primer binding arrows, and panel B is a circular genome map with the Arg-tRNA gene and AscI cleavage site. Communicating the construct's composition is a primary purpose of the figure, and these features map directly onto SBOL Visual glyphs (CDS, origin of replication, primer binding site, restriction site).",
10.1021/acssynbio.6b00379,2017,2,False,True,False,"Panels A and C are gel images, but panel B is a dedicated circular map of the engineered construct — the 665,445 bp M. hominis PG21 genome cloned into a yeast TAR vector, with the vector insertion point, the Arg-tRNA feature, and ten annotated positions laid out on a circular backbone. Communicating the composition of that cloned nucleic-acid construct is a primary purpose of the panel, and it could be drawn with SBOL Visual circular-backbone and sequence-feature glyphs.",
10.1021/acssynbio.6b00379,2017,3,False,False,True,"Figure 3 consists solely of gel images — a multiplex PCR agarose gel (panel A) and a PFGE gel (panel B) — used to assess genome completeness across yeast passages. It contains no schematic of sequence features, constructs, or molecular interactions that SBOL Visual glyphs could represent.",
10.1021/acssynbio.6b00379,2017,4,False,True,False,"Panel C depicts six circular maps of the M. hominis PG21 genome cloned into a yeast TAR vector, showing the vector insertion point and ten annotated marker loci with crosses indicating deleted regions — a nucleic-acid construct/backbone composition diagram that could be drawn with SBOL Visual glyphs. Panels A and B are gels and would not count on their own, but the construct maps in C are a primary purpose of the figure.",
10.1021/acssynbio.6b00379,2017,5,False,True,False,"Panels A and D are schematic maps of the engineered M. hominis vaa locus, showing the vaa gene, flanking regions, internal repeat sequences, primer-binding sites, the Cas9 cleavage site, a 90-bp recombination template, and the resulting Δvaa and truncated-vaa locus architectures with feature sizes. Communicating the design of these edited nucleic-acid constructs is a primary purpose of those panels and could be drawn with SBOL Visual glyphs, even though the remaining panels (B, C, E, F) are gel images.",
10.1021/acssynbio.7b00121,2017,1,False,False,True,"The figure is a software-capability figure: panel (a) is a feature comparison table, panel (b) is a schematic of BSim 2.0 simulation features, and panel (c) is simulation time-course plots and rendered snapshots. The only genetic-circuit-like element is a tiny incidental icon inside the 'intracellular dynamics (ODEs/DDEs)' callout in (b), which illustrates the modeling feature rather than communicating a construct's design, so under the historical exception for incidental construct sketches in mechanism/workflow illustrations it is not counted.",
10.1021/acssynbio.7b00172,2017,1,True,True,True,"Panel A diagrams four genetic biosensor architectures as promoter/CDS constructs with TF-mediated activation and repression interactions, and panel C shows the actual lacUV5-based construct (-35 and -10 elements, mutated Lac operator variants, rfp CDS) whose design is the point of the experiment. Both are sequence-feature/regulatory-interaction content that SBOL Visual glyphs could express, so communicating construct design is a primary purpose of the figure.",
10.1021/acssynbio.7b00172,2017,2,True,False,False,"Figure 2 consists entirely of model-derived data plots (dose-response curves, dynamic range vs. threshold trade-off curves, and parameter sweeps) illustrating a phenomenological model rather than any construct design. The tiny inline regulatory cartoon annotating the panel A lower plot is an incidental mechanism label on a chart, not a panel whose primary purpose is communicating nucleic-acid design, so it falls under the documented exception.",
10.1021/acssynbio.7b00172,2017,3,True,True,True,"Panels A and B each include a construct schematic on a backbone showing -35/-10 promoter regions, a lac operator with variable sequence, and an rfp CDS, plus repression arrows from LacI and inducer (TMG/IPTG), which is exactly the sequence-feature and regulatory-interaction content SBOL Visual glyphs represent. Although the rest of the figure is dose-response plots and parameter charts, communicating these construct designs (the differing operator and promoter sequences) is a primary purpose of panels A and B, not an incidental sketch.",
10.1021/acssynbio.7b00209,2018,1,True,True,True,"All five panels are circular plasmid maps showing the design of engineered constructs — promoters (CAGG, Ferritin, EM7), CDSs (EGFP, mCherry, hph, Cre, integrases), terminators, recombination sites (loxP, attB/attP), IRES, insulators, and origins laid out on backbones. This is exactly the sequence-feature/plasmid-composition content SBOL Visual glyphs represent.",
10.1021/acssynbio.7b00209,2018,2,True,True,True,"Panels (a) and (b) are genetic construct maps: the linearized A037 platform cassette is drawn on a backbone with an SFM promoter, loxP and attB recombination sites, an eGFP-hph-TK marker CDS, and M2A/M2B homology arms, and panel (b) shows the resulting integrated locus as a linear feature map. Communicating the design of this engineered nucleic-acid construct is a primary purpose of the figure, so these panels could be redrawn with SBOL Visual glyphs, even though the gels (b) and FISH images (c) are not themselves compatible content.",
10.1021/acssynbio.7b00209,2018,3,True,True,True,"All five panels are linear/circular nucleic-acid construct maps showing promoters, marker CDSs (eGFP-hph-TK, Pac-mCherry-FcyFur), recombination sites (loxP, attB, attB"", attP, attP""), and inserted DNA segments on a HAC platform cassette and Type I/II carrier plasmids. Communicating the architecture of these constructs and how they recombine is a primary purpose of the figure, and the content maps directly onto SBOL Visual sequence-feature and interaction glyphs.",
10.1021/acssynbio.7b00209,2018,4,True,True,True,"All four panels are DNA-level construct diagrams showing carrier plasmids and the resulting HAC integration products drawn as backbones bearing promoters, marker CDS cassettes (GFP-hph-TK, Pac-mCherry-FcyFur), and recombination sites (loxP, attB/attP/attL/attR), which is exactly the sequence-feature layout SBOL Visual glyphs encode. Although the figure illustrates incomplete-recombination outcomes, communicating the composition of these engineered constructs is a primary purpose rather than incidental.",
10.1021/acssynbio.7b00209,2018,5,True,True,True,"Panels (a) and (b) are construct-design diagrams: they lay out VHL exon fragments with restriction sites on carrier plasmids bearing loxP, attB/attP recombination sites, promoters, and GFP/mCherry reporter cassettes, and show the sequential composition of the alphoid-tetO-HAC platform cassette across three insertion rounds. Communicating the design of these engineered nucleic-acid constructs is a primary purpose of the figure, and the content maps directly onto SBOL Visual glyphs, so the accompanying micrographs and gels in panels (c)-(d) do not disqualify it.",
10.1021/acssynbio.7b00338,2018,1,False,False,True,"Figure 1 is a metabolic pathway schematic drawn inside a yeast cell outline, showing chemical intermediates (acetyl-CoA, fatty acyl-CoA, free fatty acid, 1-alkene), enzymes, cofactor transfer, and a transporter, with gene knockouts marked by red X's. It depicts enzymatic/metabolic mechanism rather than the design of a nucleic-acid construct — there is no backbone layout, no promoters, RBSs, CDSs, or terminators, and no plasmid or circuit composition.",
10.1021/acssynbio.7b00338,2018,2,False,False,True,"Panel A is a chemical/enzymatic metabolic pathway schematic showing fatty acid intermediates and decarboxylase enzymes with no nucleic-acid sequence features, backbone, or construct architecture, and panels B and C are bar charts of titers with a genotype annotation table. No panel communicates the design of an engineered construct, so there is nothing that SBOL Visual glyphs would represent.",
10.1021/acssynbio.7b00338,2018,3,False,False,True,"Panel A is a metabolic/electron-transfer pathway schematic showing chemical intermediates and enzyme cofactor exchange (UndB with Fd/Fnr, Fld/Fnr, Pdx/Pdr), with no nucleic-acid sequence features, backbone layout, or construct composition depicted, and panel B is a bar chart of 1-alkene titers. Strain names appear only as data labels, so no panel communicates a construct's design.",
10.1021/acssynbio.7b00338,2018,4,False,False,True,"Figure 4's panels are a protein-level membrane transport/biosynthesis cartoon (A), a fluorescence micrograph (B), time-course data plots (C, D), and product-composition pie charts (E). No panel depicts nucleic-acid sequence features, plasmid composition, or genetic circuit architecture; promoters like GAL7p and eTDH3p are mentioned only in the caption text, not drawn as a construct design.",
10.1021/acssynbio.7b00398,2018,1,False,False,True,"Figure 1 consists solely of bar charts (panels a–c) reporting fluorescence and glucuronidase activity measurements; no panel depicts a construct's sequence features, plasmid composition, or genetic circuit design. Plasmid names appear only in the caption as experimental context, not as a diagram.",
10.1021/acssynbio.7b00398,2018,2,False,False,True,"Panels (b) and (c) are bar charts of relative promoter activity, and panel (a) is a literal annotated nucleotide sequence string (underlined −35/−10 elements, colored randomized bases) rather than a schematic of a construct laid out on a backbone. No panel depicts construct or circuit architecture that SBOL Visual glyphs would render.",
10.1021/acssynbio.7b00398,2018,3,False,False,True,"All three panels of Figure 3 are data plots — a binomial frequency histogram of expected mutation counts (a) and horizontal bar charts of relative promoter activity for the 79% and 58% libraries (b, c). No panel depicts sequence features, plasmid composition, or molecular interactions that could be drawn with SBOL Visual glyphs.",
10.1021/acssynbio.7b00398,2018,4,False,False,True,"Figure 4 is a single scatter plot of relative promoter activity versus number of mutations, with error bars and a legend of promoter libraries. It contains only quantitative data and no diagram of sequence features, backbone layout, or construct architecture that SBOL Visual glyphs could represent.",
10.1021/acssynbio.7b00398,2018,5,False,False,True,"Panel (a) is a chemical/metabolic pathway diagram (glucose to acetoin via enzyme-catalyzed steps) with no nucleic-acid design content, and panel (b) is a bar chart of acetoin titers. Neither panel depicts a construct's sequence features, plasmid composition, or genetic circuit layout, so no part of the figure could be rendered with SBOL Visual glyphs.",
10.1021/acssynbio.7b00398,2018,6,False,False,True,"Figure 6 is a single log-log scatter plot comparing relative promoter activity in C. acetobutylicum versus C. sporogenes, with error bars and labeled data points. It contains only quantitative data, no diagram of construct architecture or sequence features, so there is nothing that could be drawn with SBOL Visual glyphs.",
10.1021/acssynbio.9b00289,2019,1,False,False,True,"The figure is a cell-level metabolic pathway schematic showing carbon flux through the Calvin-Benson cycle, TCA cycle, and pentose phosphate pathway in Synechocystis, with gene names (fumC, zwf) noted only as reaction labels for knockouts. It contains no nucleic-acid construct design — no backbone, sequence features, or genetic circuit composition — so it falls under the metabolic/protein-pathway exclusion.",
10.1021/acssynbio.9b00289,2019,2,False,False,True,"All four panels (A–D) are quantitative data plots: growth/fumarate time courses, a productivity-versus-growth-rate regression, carbon partitioning versus light flux, and relative production rate over time. No panel depicts sequence features, plasmid or circuit composition, or molecular interactions with a nucleic-acid construct, so there is nothing SBOL Visual glyphs could represent.",
10.1021/acssynbio.9b00289,2019,3,False,False,True,"Both panels are purely quantitative data plots: (A) a scatter plot of OD730 and extracellular fumarate concentration over cultivation time, and (B) a bar chart of fumarate productivity across day/night periods. No sequence features, backbones, plasmid composition, or construct-level interactions are depicted, so there is nothing that SBOL Visual glyphs could represent.",
10.1021/acssynbio.9b00310,2019,1,False,True,False,"Panel B is a design diagram of the engineered luciferase sensor strain: it shows the heterologous 5-HTR4b receptor rewired into the yeast mating pathway, marked host-gene deletions (ste2, sst2, far1), and an explicit reporter cassette drawn as a promoter–CDS construct (P_FIG1 driving Luciferase). Communicating that engineered construct/system design is a primary purpose of the panel, so it could be rendered with SBOL Visual glyphs, even though the remaining panels (A workflow, C response surface) are not themselves compatible.",
10.1021/acssynbio.9b00310,2019,2,False,False,True,"Figure 2 consists solely of eight panels of dose-response data plots paired with small-molecule chemical structures of 5-HTR4 agonists. It contains no depiction of nucleic-acid sequence features, plasmid or circuit composition, or genetic construct design that SBOL Visual glyphs could represent.",
10.1021/acssynbio.9b00310,2019,3,False,False,True,"All three panels are data plots — a PCA score scatter, a Z-score screening plot across 803 wells, and dose-response curves with small-molecule chemical structures. No panel depicts nucleic-acid sequence features, plasmid or circuit composition, or construct design, so there is nothing that SBOL Visual glyphs could represent.",
10.1021/acssynbio.9b00310,2019,4,False,False,True,"Figure 4 consists only of screening scatter plots, dose-response curves, chemical structure drawings, and bar charts of yeast growth. No panel depicts nucleic-acid sequence features, plasmid or circuit composition, so there is nothing that could be drawn with SBOL Visual glyphs.",
10.1021/acssynbio.9b00310,2019,5,False,False,True,"Figure 5 consists only of photomicrographs of Caco-2 cell migration and wound-healing scratch assays (panels A and C) and bar charts quantifying those assays (panels B and D). No panel depicts nucleic-acid sequence features, construct composition, or genetic circuit design that could be rendered with SBOL Visual glyphs.",
10.1021/acssynbio.0c00235,2020,1,False,False,True,"All panels are 3D structural renderings of DNA origami nanostructures, force-spectroscopy measurement setups, and quantitative data plots (lifetime vs. force, free-energy curves), illustrating mechanical behavior and base-stacking mechanics rather than construct design. No sequence features, backbone layouts, circuit composition, or molecular interactions that SBOL Visual glyphs would express are communicated.",
10.1021/acssynbio.0c00235,2020,2,False,False,True,"Figure 2 depicts structural DNA-origami nanodevices (switches, a rhombus nanoactuator, an accordion rack, domino nanoarrays) plus TEM micrographs, illustrating mechanical/base-stacking mechanisms rather than the design of an engineered nucleic-acid construct. No sequence features, backbones, plasmids, or genetic-circuit composition are communicated, so there is nothing SBOL Visual glyphs would represent.",
10.1021/acssynbio.0c00235,2020,3,False,False,True,"All panels are 3D structural renderings, mechanism/actuation cartoons (pH latches, strand displacement, plier opening), an assembly workflow with in vivo mouse results, flow-cytometry histograms, and abstract Boolean gate/truth-table schematics for DNA origami nanorobots. No panel lays out sequence features on a nucleic-acid backbone or the composition of a genetic construct or circuit, so construct design is not a primary purpose of the figure.",
10.1021/acssynbio.0c00235,2020,4,False,False,True,"All panels are 3D structural renderings of DNA origami nanodevices, strand-displacement mechanism cartoons, mechanical-element analogies, and fluorescence spectra/histogram plots — none communicate the design of an engineered nucleic-acid construct in terms of sequence features, circuits, or plasmid composition. The strand sketches present serve only to illustrate base-pairing and switching mechanisms, which the historical panel did not count.",
10.1021/acssynbio.0c00235,2020,5,False,False,True,"Figure 5 consists of 3D structural renderings of DNA origami helix bundles (lever, rotor, hinge, flagella-like tubes), mechanism cartoons of field-driven actuation, and TIRF/micrograph image data; it depicts nanomechanical structure and motion rather than the design of sequence features or genetic constructs on a backbone. No panel communicates promoter/RBS/CDS/terminator-style construct composition or functional interactions among such constructs that SBOL Visual glyphs would represent.",
10.1021/acssynbio.0c00235,2020,6,False,False,True,"All panels are structural/mechanistic illustrations of DNA origami nanodevices — a stepwise ssDNA walker mechanism, an assembly-line operation sequence with accompanying AFM micrographs, a cargo-sorting robot's motion on a 2D tile, and rendered rotary-device geometry — plus micrographs, none of which lay out sequence features or genetic-circuit composition. The nucleic-acid strand sketches serve to depict strand-displacement mechanism and shape, not the design of a construct, which the historical checklist excludes.",
10.1021/acssynbio.0c00538,2021,1,False,False,True,"Figure 1 is a workflow schematic of a droplet-microfluidic directed-evolution screening pipeline, combining process steps, device micrographs, and a rolling-circle-amplification mechanism inset. The plasmid circles are incidental depictions of library DNA rather than a communication of construct design (no promoters, RBSs, CDSs, or terminators laid out on a backbone), so it falls under the protocol/workflow and mechanism-illustration exclusions.",
10.1021/acssynbio.0c00538,2021,2,False,False,True,"Panel A is a protein ribbon structure of Savinase with mutated loops and catalytic triad highlighted, panel B is a droplet microscopy image, and panels C–F are histograms and bar charts of screening data. No panel depicts sequence features, a backbone, or the composition of a nucleic-acid construct, so there is nothing that could be rendered with SBOL Visual glyphs.",
10.1021/acssynbio.0c00538,2021,3,False,False,True,"All three panels (A: droplet fluorescence histogram, B: bar chart of n-fold activity, C: time-course fluorescence curves) are purely quantitative data plots reporting screening results for Savinase variants. No panel depicts sequence features, construct architecture, or genetic circuit composition that could be rendered with SBOL Visual glyphs.",
10.1021/acssynbio.1c00068,2021,1,False,False,True,"Figure 1 comprises an apparatus/protocol schematic of the cDICE vesicle-formation setup with photographs of the device, confocal micrographs of GUVs, and a size-distribution histogram. No panel depicts nucleic-acid sequence features, plasmid or circuit composition, or interactions of an engineered genetic construct, so there is nothing that SBOL Visual glyphs could represent.",
10.1021/acssynbio.1c00068,2021,2,False,False,True,"Figure 2 consists only of fluorescence micrographs of GUVs (panel a) and quantitative data plots — a dye-signal time course (b) and a membrane-intensity histogram (c). It contains no nucleic-acid construct design, sequence features, or genetic circuit composition that SBOL Visual glyphs could represent.",
10.1021/acssynbio.1c00068,2021,3,False,False,True,"All panels are quantitative data plots (histograms, interfacial tension curves, box plots) plus confocal micrographs of GUVs; no panel depicts sequence features, plasmid/circuit composition, or interactions of a nucleic-acid construct. The YFP/PURE expression readouts are measurements, not construct designs.",
10.1021/acssynbio.1c00068,2021,4,False,False,True,"Figure 4 consists of fluorescence micrographs of GUVs (F-actin, DNA nanostars, SUVs, PURE system, E. coli) plus a purely conceptual cartoon of a cell with inset callouts. Although DNA nanostructures and a YFP-encoding DNA construct are used experimentally, no panel diagrams the construct's sequence features, backbone layout, or circuit composition, so there is no SBOL Visual-representable design content.",
10.1021/acssynbio.1c00531,2022,1,False,False,True,"All three panels are quantitative data plots — RNA-seq coverage traces (A), growth curves (B), and a qPCR bar chart (C) — with no schematic of sequence features, backbone layout, or construct architecture. Nothing in the figure depicts a nucleic-acid design that could be drawn with SBOL Visual glyphs.",
10.1021/acssynbio.1c00608,2022,1,True,True,True,"Panel A is an explicit genetic circuit diagram showing two transcription units on a backbone — T7 and pBAD promoters, RBS, ribozyme, CDS with fused coat protein, operator aptamer, and terminator — plus regulatory interaction arrows, which is exactly the sequence-feature and circuit-composition content SBOL Visual glyphs represent. Communicating the construct's design is a primary purpose of the figure, so the flow-cytometry plots in panels C–E do not disqualify it.",
10.1021/acssynbio.1c00608,2022,2,True,True,True,"Panel A is an explicit genetic circuit diagram showing divergent transcription units on a backbone with promoters (pT7, pBAD), RBSs, CDSs, terminators, and RNA hairpin operators, plus regulatory interaction arrows between the encoded proteins and the constructs. Communicating the construct's design is a primary purpose of the figure, so it is directly renderable with SBOL Visual glyphs; the panel B scatter plot does not affect this.",
10.1021/acssynbio.1c00608,2022,3,True,True,True,"Panel A is an explicit genetic circuit diagram showing promoters (pT7, pBAD, J23100), RBSs, CDSs (mScarlet-I-MCP, moxGFP), operator/aptamer features and terminators laid out on a backbone, plus repression interactions between the constructs and protein/RNA species. This construct-design content is a primary purpose of the figure and could be drawn with SBOL Visual glyphs.",
10.1021/acssynbio.1c00608,2022,4,True,True,True,"Panel A is an explicit genetic circuit diagram showing promoters (pT7, J23100), RBS/aptamer-operator sites, CDS arrows (VioA, VioB, MS2-G-VioE-MCP, MS2wt-VioC), and a terminator laid out on a nucleic-acid backbone, with repression interactions drawn between components. This construct-design content is directly renderable in SBOL Visual glyphs, so the figure counts despite panels B and C being a metabolic pathway and HPLC chromatograms.",
10.1021/acssynbio.2c00088,2022,1,False,False,True,"Figure 1 is a peptide-level schematic showing the mersacidin precursor's amino-acid sequence, leader/core boundary, lanthionine ring topology, and protease cleavage sites. It contains no nucleic-acid design content — no sequence features, backbone layout, or genetic circuit composition that SBOL Visual glyphs could represent.",
10.1021/acssynbio.2c00088,2022,2,False,False,True,"Figure 2 is a peptide sequence alignment showing mersacidin and lacticin 3147 A1 leader amino-acid residues as beaded circles with protease cleavage sites marked. It is protein-level sequence/mechanism content with no nucleic-acid construct design, backbone layout, or genetic-circuit composition that SBOL Visual glyphs could represent.",
10.1021/acssynbio.2c00088,2022,3,False,False,True,"Figure 3 is a photograph of an antimicrobial activity assay plate showing zones of inhibition for different peptide mutants against Micrococcus flavus. It contains no diagram of nucleic-acid sequence features, construct composition, or genetic circuit design that could be rendered with SBOL Visual glyphs.",
10.1021/acssynbio.2c00088,2022,4,False,False,True,"All six panels are LC-MS mass spectra (relative abundance vs. m/z) with inset amino-acid residue sequences marking peptide mutations; the figure conveys measurement data and protein-level modification efficiency, with no nucleic-acid construct design content that SBOL Visual glyphs could represent.",
10.1021/acssynbio.2c00088,2022,5,False,False,True,"Figure 5 consists solely of MALDI-TOF mass spectra (data plots) for wild-type and mutant peptides, with small amino-acid residue circle labels indicating peptide sequence variants at the protein level. It contains no nucleic-acid construct design content — no promoters, RBSs, CDSs, terminators, backbones, or circuit/plasmid composition — so there is nothing that SBOL Visual glyphs would represent.",
10.1021/acssynbio.2c00088,2022,6,False,False,True,"Figure 6 consists of MALDI-TOF mass spectra (data plots) with small amino-acid residue sequence schematics labeling each peptide leader mutant; it communicates mass-spectrometry results and protein-level sequence variants, not the design of a nucleic-acid construct or circuit.",
10.1021/acssynbio.2c00088,2022,7,False,False,True,"Figure 7 is an amino-acid-level annotation of the mersacidin leader peptide, mapping residue positions to MrsT cleavage and MrsM modification requirements. It is a protein sequence/mechanism illustration with no nucleic-acid construct, sequence features, or genetic circuit composition, so it falls outside SBOL Visual's scope.",
10.1021/acssynbio.2c00289,2022,1,False,False,True,"Panel A is a conceptual metabolic-pathway schematic (native vs. heterologous flux with an abstract 'transcription regulation' arrow) and panels B–D are chemical structures of metabolites; no panel depicts sequence features, plasmid/circuit composition, or any engineered nucleic-acid construct design.",
10.1021/acssynbio.2c00289,2022,2,False,False,True,"Figure 2 consists of three bar charts of metabolite yields overlaid with chemical structures and enzymatic conversion arrows, i.e., quantitative data plots plus a small-molecule biosynthetic scheme. No nucleic-acid construct design — promoters, CDSs, terminators, or plasmid/circuit composition — is depicted, so there is nothing SBOL Visual glyphs would represent.",
10.1021/acssynbio.2c00289,2022,3,False,False,True,"Figure 3 consists solely of analytical data: panel A shows LC–MS extracted ion chromatograms and panel B shows bar charts of EIC peak integrations for EA and its glycosides. No panel depicts a nucleic-acid construct, sequence features, or genetic circuit design, so there is nothing that SBOL Visual glyphs could represent.",
10.1021/acssynbio.2c00289,2022,4,False,False,True,"Panel A consists solely of bright field, phloroglucinol-stained, and DIC micrographs of leaf tissue, and panel B is a box-plot of quantified lignin content. No panel diagrams sequence features, construct architecture, or genetic interactions, so there is nothing that SBOL Visual glyphs could represent.",
10.1021/acssynbio.2c00289,2022,5,False,False,True,"Figure 5 is a conceptual metabolic/regulatory pathway model showing transcription factors (MYB85, MYB46), enzyme activities, and metabolite conversions as labeled boxes and arrows, with no depiction of nucleic-acid sequence features, backbones, or construct composition. Although transcriptional regulation arrows are shown, they act on pathway blocks rather than on designed genetic constructs, so communicating a construct's design is not a purpose of any panel.",
10.1021/acssynbio.2c00661,2023,1,False,False,True,"Figure 1 consists solely of photographic images of colony overlay antimicrobial activity assays (inhibition zones) for eight leader variants, labeled by peptide sequence. It contains no diagram of sequence features, construct composition, or molecular interactions, so there is nothing that could be rendered with SBOL Visual glyphs.",
10.1021/acssynbio.2c00661,2023,2,False,False,True,"Figure 2 consists solely of seven agar-plate photographs showing zones of inhibition for circularin A leader variants, labeled only by peptide leader sequence. It contains no nucleic-acid construct diagram, sequence features, or backbone layout that SBOL Visual glyphs could represent.",
10.1021/acssynbio.2c00661,2023,3,False,False,True,"Figure 3 is a peptide-level map of circularin A leader and core amino-acid residues across all mutants, color-coded by antimicrobial activity; it depicts protein sequence variants and assay outcomes rather than any nucleic-acid construct design. No promoters, RBSs, CDSs, terminators, backbones, or genetic-circuit composition are communicated, so there is nothing an SBOL Visual glyph set would represent.",
10.1021/acssynbio.2c00661,2023,4,False,False,True,"Figure 4 consists solely of photographic images of agar-plate inhibition-zone assays for various point mutants, with text labels identifying each mutant. It contains no diagram of nucleic-acid sequence features, constructs, or genetic circuits that could be rendered with SBOL Visual glyphs.",
10.1021/acssynbio.2c00661,2023,5,False,False,True,"Figure 5 is a conceptual mechanism illustration showing amino-acid sidechain chemical structures fitting (or not) into an enzyme binding pocket, annotated with check/cross marks for processing outcome. It contains no nucleic-acid sequence features, backbone layout, plasmid or circuit composition, so there is nothing an SBOL Visual glyph set would represent.",
10.1021/acssynbio.2c00661,2023,6,False,False,True,"Figure 6 consists solely of MALDI-TOF mass spectra plots plus tables of peptide sequences and observed/theoretical masses for Tyr69 and Ala68 mutants. It presents analytical data and protein-level sequence information with no depiction of nucleic-acid construct design, so there is nothing that SBOL Visual glyphs would represent.",
10.1021/acssynbio.2c00668,2023,1,True,True,True,"Panel (a) is a genetic design schematic showing the pUC-p2p3 plasmid with promoters, p2/p3 coding sequences and terminators, plus linear ori-GOI expression templates drawn as promoter–CDS–terminator cassettes flanked by replication origins. Communicating these construct configurations is a primary purpose of the panel, and the elements map directly onto SBOL Visual glyphs, so the remaining data-plot, gel, and mechanism panels do not disqualify the figure.",
10.1021/acssynbio.2c00668,2023,2,True,True,True,"Panel (a) diagrams the actual nucleic-acid constructs at feature level — a circular expCADGE template carrying two promoter–CDS–terminator cassettes (p2, p3) and a linear ori-yfp reporter construct with promoter, yfp CDS and terminator — plus their functional relationship to the replication/IVTT machinery, all of which maps directly onto SBOL Visual glyphs. The remaining panels (b–f) are quantitative plots, flow cytometry data and confocal micrographs, but a single qualifying design panel is sufficient.",
10.1021/acssynbio.2c00668,2023,3,True,True,True,"Panels (a) and (e) are diagrams of the DNA constructs used in the CADGE system, drawing linear templates with promoters, coding regions (p2, p3, p6), terminators, and origins inside liposomes, and panel (e) exists specifically to show the different gene expression configurations tested. This construct-design content is a primary purpose of those panels and could be rendered with SBOL Visual glyphs, even though the remaining panels are qPCR and flow-cytometry data plots.",
10.1021/acssynbio.2c00668,2023,4,True,False,False,"Panel (a) is a workflow schematic of liposome-encapsulated cell-free expression and FACS sorting, and panels (b)–(h) are flow cytometry plots, a box plot, a gel image, and bar charts; the small ori-yfp/ori-minD template icons in (a) are incidental labels identifying which DNA is inside each liposome rather than a communication of construct design. Under the study's documented exception for mechanism/workflow illustrations containing incidental construct sketches, this figure was not counted.",
10.1021/acssynbio.2c00668,2023,5,True,True,True,"Panels (b) and (e) are schematics whose central element is a nucleic-acid expression construct drawn with SBOL-Visual-style glyphs — promoter, pssA CDS, and terminator on a backbone (with a self-amplification loop in (e)) — together with its functional interactions producing PssA and converting CDP-DAG to PS. The remaining panels are plots and micrographs, but the construct design content in (b) and (e) is a primary purpose of those panels and could be redrawn in SBOL Visual.",
10.1021/acssynbio.2c00668,2023,6,True,True,True,"Panel (a) diagrams the expCADGE genetic system inside liposomes, drawing the DNA templates with labeled promoters (p2, p3) and the ori-minD expression cassette together with the transcription/translation output and the feedback of the amplification proteins onto the template. That construct layout and its functional interactions with the expressed protein species (MinC-GFP, MinD) are exactly the content SBOL Visual glyphs represent, so the construct design is a primary purpose of that panel rather than an incidental sketch; the remaining panels (bar charts, scatter plots, confocal montages) are non-compatible data displays.",
10.1021/acssynbio.3c00452,2023,1,False,False,True,"Panels (a) and (b) are strand-level base-pairing/mechanism schematics of toehold-mediated and helicase-driven strand displacement, and (c)-(f) are free-energy diagrams and kinetic plots; none communicate the design of an engineered nucleic-acid construct with sequence features on a backbone. Under the checklist's documented exception, mechanism and base-pairing illustrations with only incidental strand sketches were not counted.",
10.1021/acssynbio.3c00452,2023,2,False,False,True,"Panel (a) is a base-pairing/mechanism schematic of a two-strand DNA reporter complex being unwound by Rep-X helicase, and panels (b)-(d) are a free-energy diagram and kinetic data plots; no sequence features, backbone layout, or genetic construct design is communicated. Under the historical checklist, mechanism and hybridization illustrations with incidental strand sketches were not counted.",
10.1021/acssynbio.3c00452,2023,3,False,False,True,"Panel (a) is a strand-displacement reaction-cycle and base-pairing mechanism illustration (labeled strands with fluorophore/quencher positions and rate constants), panel (b) is a free-energy landscape, and panels (c)-(d) are kinetic data plots. No panel communicates the design of a nucleic-acid construct as sequence features on a backbone or as circuit/plasmid composition, so under the historical checklist's mechanism-illustration exception it is not counted.",
10.1021/acssynbio.3c00452,2023,4,False,False,True,"Panels (a) and (b) are strand-level base-pairing and reaction-mechanism illustrations of a DNA lock–key/reporter system (domain-annotated oligo hybridization, Rep-X helicase unwinding, fluorophore–quencher reporting), not designs of an engineered construct with sequence features such as promoters, RBSs, CDSs, or terminators on a backbone; the remaining panels (c–h) are predicted and measured kinetic/concentration plots. Under the study's documented exception, mechanism and base-pairing schematics were not counted as SBOL Visual–compatible.",
