doi,year,era,benchmark_partition,prompt_profile,judging_mode,self_consistency_samples,figure_number,expected_compatible,predicted_compatible,correct,rationale,judge_error
10.1021/sb200005w,2012,2012-2013,calibration,historical_2025_era_v3,whole_paper,1,1,True,True,True,"Panel b lays out the concrete feedback-repression construct as a linear arrangement of sequence features (RNA motif, L7Ae CDS, ECFP, IRES, DsRed_E) on a backbone, specifying the composition of the engineered transcript that was built and measured. The mechanism cartoon (a), secondary-structure motifs (c), and FACS plots (d, e) do not detract from that countable design depiction.",
10.1021/sb200005w,2012,2012-2013,calibration,historical_2025_era_v3,whole_paper,1,2,True,False,False,"The figure consists solely of FACS log-log dot plots with model fit lines and insets, accompanied by an SPR binding-constant table; it presents data and a mathematical model rather than any depiction of a construct's composition or arrangement.",
10.1021/sb200005w,2012,2012-2013,calibration,historical_2025_era_v3,whole_paper,1,3,True,True,True,"Panel a depicts two concrete engineered constructs as linear feature layouts — K-turn/K-loop motif with L7Ae-ECFP, IRES and DsRed_E, plus a K-turn or defective K-turn upstream of EGFP — specifying the cis/trans dual-regulation design that was cotransfected. Panel b is a data plot, but the construct depiction counts on its own terms.",
10.1021/sb200008j,2012,2012-2013,calibration,historical_2025_era_v3,whole_paper,1,1,False,True,False,"Panel A is a concrete domain-architecture schematic of the specific engineered fusion measured in the paper (LOV2 with its Jα helix fused to the caspase-7 p20/p11 catalytic domain, i.e., L57V), which the 2012-2013 era standard counts as a construct depiction even though it sits inside a mechanism panel and the remaining panels are plots, gels, and micrographs.",
10.1021/sb200008j,2012,2012-2013,calibration,historical_2025_era_v3,whole_paper,1,2,False,False,True,The figure consists entirely of fluorescence micrographs of COS7 cells at low and high magnification with an illumination zone marked; there is no schematic depiction of any construct or its composition.,
10.1021/sb200008j,2012,2012-2013,calibration,historical_2025_era_v3,whole_paper,1,3,False,False,True,"All panels are quantitative bar charts, time courses, and PAGE gel images; construct variants appear only as axis labels, with no diagram of their composition or arrangement.",
10.1021/sb200008j,2012,2012-2013,calibration,historical_2025_era_v3,whole_paper,1,4,False,False,True,"The panels are fluorescence and FRET-ratio micrographs plus an intensity-ratio plot; the sensor and source constructs are described only in the caption text, never drawn.",
10.1021/sb200008j,2012,2012-2013,calibration,historical_2025_era_v3,whole_paper,1,5,False,False,True,"The figure is a time series of fluorescence micrographs showing MitoSensor redistribution, containing no construct schematic or any other diagrammatic design content.",
10.1021/sb300018h,2012,2012-2013,calibration,historical_2025_era_v3,whole_paper,1,1,False,False,True,Panels A–F are abstract signal-flow topologies drawn as generic boxes and circles labeled 'Switch'/'Signal' with activation and inhibition arrows. The 2012-era standard excludes purely abstract gene-circuit topology and logic diagrams whose nodes depict no concrete physical construct.,
10.1021/sb300018h,2012,2012-2013,calibration,historical_2025_era_v3,whole_paper,1,2,False,True,False,"The top of panels A and B lay out the concrete engineered switch design: the DNA template T with its incomplete/completed T7 promoter region, the activator strand that completes it, the downstream RNA-encoding region, and transcription by RNAP producing rO. That is a promoter-plus-output construct specification, expressible with SBOL Visual glyphs, and it identifies the actual experimental material.",
10.1021/sb300018h,2012,2012-2013,calibration,historical_2025_era_v3,whole_paper,1,3,False,False,True,"This is a nucleotide-level sequence listing showing which bases of T, A, dI, and rA pair with which, i.e., a base-pairing/sequence illustration rather than a diagram of a construct's feature composition along a backbone. It documents sequence detail rather than specifying a construct layout.",
10.1021/sb300018h,2012,2012-2013,calibration,historical_2025_era_v3,whole_paper,1,4,False,False,True,"All boxed panels are toehold-mediated hybridization and strand-displacement mechanisms (activation, annihilation, inhibition, release, interfering, recovering, recapturing) plus a non-denaturing gel; no promoter, transcription, or construct architecture is specified. The era standard explicitly excludes strand/domain interaction mechanisms of this kind.",
10.1021/sb300018h,2012,2012-2013,calibration,historical_2025_era_v3,whole_paper,1,5,False,True,False,"The left 'Transcription' reaction diagram depicts the specific ON-state T·A and OFF-state T templates with their promoter regions being transcribed by RNAP into rA — a concrete depiction of the engineered construct measured in the accompanying gels, which the era standard counts even as a small schematic beside data.",
10.1021/sb300018h,2012,2012-2013,calibration,historical_2025_era_v3,whole_paper,1,6,False,False,True,"Panel A is schematic production/degradation curves with fixed points, panel B a denaturing gel, and panel C a scatter plot. Nothing in the figure depicts a nucleic-acid construct's design.",
10.1021/sb300018h,2012,2012-2013,calibration,historical_2025_era_v3,whole_paper,1,7,False,True,False,"Panel A schematizes the actual self-activating switch used in the experiment — the T (OFF)/T·A (ON) template with its promoter, transcription by RNAP, and the specific Cy5-labeled activator and quencher-labeled inhibitor variants being measured. That concrete identification of the engineered construct is countable under the 2012-era rule even inside a mechanism panel.",
10.1021/sb300018h,2012,2012-2013,calibration,historical_2025_era_v3,whole_paper,1,8,False,False,True,Panels A–C are entirely quantitative data plots of measurements against ensemble model predictions and parameter sensitivity sweeps. Data plots and mathematical model output carry no construct design content.,
10.1021/sb300018h,2012,2012-2013,calibration,historical_2025_era_v3,whole_paper,1,9,False,False,True,"The figure consists of parameter histograms, an eigenvalue mode spectrum, and an eigenvector covariance heat map from Monte Carlo sampling. This is purely statistical model analysis with no nucleic-acid design depiction.",
10.1021/sb300049p,2012,2012-2013,calibration,historical_2025_era_v3,whole_paper,1,1,False,False,True,Panel (a) is a conceptual central-dogma/mechanism schematic (DNA → mRNA → protein → packaging/self-assembly in a test tube) whose DNA is a bare unannotated circle with no sequence features or construct composition; panels (b) and (c) are a growth curve and a TEM micrograph.,
10.1021/sb300049p,2012,2012-2013,calibration,historical_2025_era_v3,whole_paper,1,2,False,False,True,"All panels are quantitative data: PFU titer plots, a bar chart of thymidine incorporation, agarose gel images, and a band-intensity kinetic plot. No construct or sequence-feature depiction appears.",
10.1021/sb300049p,2012,2012-2013,calibration,historical_2025_era_v3,whole_paper,1,3,False,False,True,"Both panels are bar charts of phage titer across strain and supplement conditions; the trxA+/trxA− distinction is conveyed only by axis labels, with no schematic of the engineered construct or genome.",
10.1021/sb300049p,2012,2012-2013,calibration,historical_2025_era_v3,whole_paper,1,4,False,False,True,"The figure is a single transmission electron micrograph of ΦX174 particles, which is a photograph rather than any diagram of nucleic-acid design.",
10.1021/sb300053s,2012,2012-2013,calibration,historical_2025_era_v3,whole_paper,1,1,False,False,True,"All panels are nucleotide-level RNA secondary-structure and base-pairing folds of hammerhead ribozymes and their targets, plus gels and kinetic plots; panel (e) is an annotated sequence map marking where effector domains and spacers sit in the target RNA rather than a construct design laid out on a backbone.",
10.1021/sb300053s,2012,2012-2013,calibration,historical_2025_era_v3,whole_paper,1,2,False,False,True,"Panels (a)-(c) are base-pairing/folding mechanism diagrams showing ribozyme-target hybridization and hairpin formation at the nucleotide level, and (d) is gel images with a kinetic plot; no engineered construct's composition is specified as a design.",
10.1021/sb300053s,2012,2012-2013,calibration,historical_2025_era_v3,whole_paper,1,3,False,False,True,"Panel (a) is an abstract electronic logic-gate schematic with a truth table, and panels (b)-(i) are nucleotide-level RNA secondary-structure interaction diagrams, with (j)-(k) gels and plots; neither abstract logic topology nor strand-interaction mechanisms depict a physical construct design.",
10.1021/sb300053s,2012,2012-2013,calibration,historical_2025_era_v3,whole_paper,1,4,False,False,True,"Panel (a) is a generic electronic multiplexer logic diagram with truth table, (b) is gel data, and (c)-(f) are base-pairing secondary-structure folds of ribozyme-target complexes rather than sequence-feature layouts of an engineered construct.",
10.1021/sb300053s,2012,2012-2013,calibration,historical_2025_era_v3,whole_paper,1,5,False,False,True,"Panel (a) is an abstract logic-gate circuit with truth table, (b)-(c) are nucleotide-resolution RNA folding/hybridization mechanism diagrams, and (d) is gel images; nothing here specifies the composition and arrangement of a nucleic-acid construct as a design.",
10.1021/sb300061x,2013,2012-2013,calibration,historical_2025_era_v3,whole_paper,1,1,False,False,True,"Figure 1 is purely a gas chromatogram data plot with an inset legend table indicating which enzymes and propanoate supplement were present in each trace. It contains no depiction of a construct's physical composition or arrangement, so there is nothing that could be drawn with SBOL Visual glyphs.",
10.1021/sb300131w,2013,2012-2013,calibration,historical_2025_era_v3,whole_paper,1,1,True,True,True,"Panel (a) is a conventional circular plasmid mutagenesis/assembly cartoon showing the template plasmid, primer positions, coding-sequence arrow, PCR products with homologous ends, and the reassembled mutagenized plasmid, making physical plasmid cartography a central subject of the figure. Under the 2012-2013 visually conventional boundary, such cloning/mutagenesis diagrams count even though panel (b) is a strand-level enzyme mechanism illustration.",
10.1021/sb300131w,2013,2012-2013,calibration,historical_2025_era_v3,whole_paper,1,2,True,True,True,"All three panels are conventional plasmid maps of specific named constructs (mGOAT in pFastBac1, pLD401, pRS vector, pSB1C3-RFP, and the pRS Golden Gate Acceptor Vector) annotated with coding-sequence arrows, an RFP insert, restriction sites, deletions, and point mutations. This is exactly the vector/cloning cartography of concrete experimental material that the early panel counted.",
10.1021/sb400003y,2013,2012-2013,calibration,historical_2025_era_v3,whole_paper,1,1,True,True,True,"Each panel carries a cartoon above the plot laying out the concrete construct measured — a backbone with an RBS and FP gene in panels a–c, and a bicistronic RBS 1–gene 1–RBS 2–gene 2 arrangement in panel d. These are design layouts of the engineered constructs, readily drawn with SBOL Visual glyphs, and a concrete experimental design beside a plot is countable in the 2012–2013 era.",
10.1021/sb400003y,2013,2012-2013,calibration,historical_2025_era_v3,whole_paper,1,2,True,True,True,"A schematic above the bar chart depicts the bicistronic construct as RBS 1–gene 1–RBS 2–gene 2 on a backbone with an arrow marking the varied spacer region, specifying the composition and arrangement of the constructs built and tested. This concrete construct depiction counts even though the rest of the figure is a data plot and sequence table.",
10.1021/sb400003y,2013,2012-2013,calibration,historical_2025_era_v3,whole_paper,1,3,True,True,True,"The figure includes the same backbone diagram of the engineered bicistronic operon (RBS 1, gene 1, RBS 2, gene 2) identifying the design whose upstream region was varied. The construct cartoon specifies a design to build rather than annotating a native sequence, so it is compatible.",
10.1021/sb400003y,2013,2012-2013,calibration,historical_2025_era_v3,whole_paper,1,4,True,True,True,"A construct schematic showing RBS 1–gene 1–RBS 2–gene 2 with the RBS-to-start-codon spacing highlighted sits above the spacing data, giving the concrete arrangement of the measured bicistronic designs. Such sequence features on a backbone map directly onto SBOL Visual glyphs.",
10.1021/sb400003y,2013,2012-2013,calibration,historical_2025_era_v3,whole_paper,1,5,True,True,True,"The bar graph is headed by the same engineered bicistronic construct diagram, with the region between RBS 2 and the start codon marked, identifying the specific designs assayed. The depiction lays out construct composition as a design, which the early panel counted even as a small schematic beside a plot.",
10.1021/sb400003y,2013,2012-2013,calibration,historical_2025_era_v3,whole_paper,1,6,True,True,True,"The alternate-start-codon data are accompanied by a backbone schematic of the bicistronic construct (RBS 1, gene 1, RBS 2, gene 2) marking the start codon that was varied, specifying the concrete engineered designs measured. This construct depiction is SBOL Visual-renderable and countable under the 2012–2013 standard.",
10.1021/sb400010m,2013,2012-2013,calibration,historical_2025_era_v3,whole_paper,1,1,False,True,False,Panels B and C lay out the 12-block noncontiguous recombination design — the specific block composition and arrangement along the parental catalytic-domain sequences that defines the chimeras actually constructed — which under the 2012-2013 era standard is a concrete depiction of the engineered protein/domain variant assembly rather than mere sequence annotation.,
10.1021/sb400010m,2013,2012-2013,calibration,historical_2025_era_v3,whole_paper,1,2,False,False,True,Both panels are purely quantitative data plots (a ranked bar chart of T_A50 values and a T_A50-versus-T_R50 scatter) with no depiction of a construct's composition or arrangement.,
10.1021/sb400010m,2013,2012-2013,calibration,historical_2025_era_v3,whole_paper,1,3,False,False,True,"The figure consists of predicted-versus-measured scatter plots and horizontal bar charts of per-block stability contributions; the block letters are only axis categories, not a depiction of the design's physical layout.",
10.1021/sb400010m,2013,2012-2013,calibration,historical_2025_era_v3,whole_paper,1,4,False,False,True,"Both panels are predicted-versus-measured thermostability scatter plots — data charts only, with no construct or assembly schematic.",
10.1021/sb400010m,2013,2012-2013,calibration,historical_2025_era_v3,whole_paper,1,5,False,False,True,Both panels are bar charts of ΔT_A50 for individual point mutations; the mutation identifiers are axis labels rather than any diagrammatic depiction of an engineered construct.,
10.1021/sb400010m,2013,2012-2013,calibration,historical_2025_era_v3,whole_paper,1,6,False,False,True,A single activity-versus-temperature line plot comparing wild-type and F362M enzyme; it is a data plot with no design or construct depiction.,
10.1021/sb400019s,2013,2012-2013,calibration,historical_2025_era_v3,whole_paper,1,1,True,True,True,"Panel (a) is a concrete depiction of the specific engineered loopXa-pIII fusion construct measured in the experiment, laying out its ordered elements (pIII, LPETGG sortase motif, linker, IEGR Factor Xa site, flanking cysteine disulfide loop) along the displayed protein. Under the 2012-2013 standard, such a concrete engineered variant schematic counts even though it sits inside a labeling-mechanism panel next to gel data.",
10.1021/sb400019s,2013,2012-2013,calibration,historical_2025_era_v3,whole_paper,1,2,True,True,True,"Panel (a) identifies the concrete triSrt phage construct used in the experiment, specifying the arrangement of its three engineered sortase motifs on distinct capsid positions (G5-pIX, A2-pVIII, LoopXa-pIII) as a design of the assembled particle. This is the specific engineered material measured in panel (b), so the early-era panel would count it.",
10.1021/sb400019s,2013,2012-2013,calibration,historical_2025_era_v3,whole_paper,1,3,True,True,True,"Panel (a) depicts the concrete engineered multiphage assembly built in the experiment, specifying the ordered composition of DNA-peptide conjugates on pIX and pIII and the hybridized duplexes (A-C, D-F) with their AgeI and AatII cleavage sites. Physical assembly cartography with restriction-site annotation is explicitly countable in the 2012-2013 window when it is the central subject of the depiction.",
10.1021/sb400021j,2013,2012-2013,calibration,historical_2025_era_v3,whole_paper,1,1,True,True,True,"Panel b is a full circular map of the engineered pOSIP vector laying out terminators, MCS, ccdB, pUC ori, attP, FRT sites, antibiotic marker, integrase and cIts as its two functional modules. Under the 2012-2013 convention, such plasmid/vector cartography is countable when it is a central subject of the figure, as it is here alongside the concrete integrated lacZ/tsr-venus constructs.",
10.1021/sb400021j,2013,2012-2013,calibration,historical_2025_era_v3,whole_paper,1,2,True,True,True,"Panels b and c depict the concrete engineered pOSIP-derived vectors carrying promoter-driven cfp/yfp/rfp and gfp/rfp expression cassettes with kanR or camR markers, attP/att sites and FRT-flanked modules, plus the resulting integrant chromosomes. These are concrete physical depictions of the specific constructs measured in the experiment, countable under the early-era standard.",
10.1021/sb400024s,2013,2012-2013,calibration,historical_2025_era_v3,whole_paper,1,1,True,True,True,"All three panels lay out engineered constructs as ordered sequence features on a DNA backbone — promoters, RBSs, CDSs, recombinase sites, and terminators with regulatory arcs — which is design specification rather than sequence annotation or cloning cartography. Panel B in particular depicts the concrete multiple-inducer DIC three-counter with named parts (tetR, P_LtetO, FRT/loxP sites, flp, cre, ssrA, gfp), directly renderable in SBOL Visual glyphs.",
10.1021/sb400027x,2013,2012-2013,calibration,historical_2025_era_v3,whole_paper,1,1,False,False,True,"Figure 1 is a purely conceptual workflow cartoon for an imaginary organism ('Gasolinomonas efficientproduciens'), chaining an idea bulb, a computer, DNA clip-art, a bacterium photo, and a fuel pump. The circular genome graphic is a decorative, unlabeled node in that workflow rather than a central cartographic subject or a concrete engineered construct actually built or measured, so it falls outside the countable categories.",
10.1021/sb400050k,2013,2012-2013,calibration,historical_2025_era_v3,whole_paper,1,1,True,False,False,"The panels annotate the native system rather than specify an engineered design: a wild-type XylR domain/residue-coordinate map, and Pu/PR maps marking where native UAS sites, IHF sites, -12/-24 and -10/-35 motifs sit in the sequence, accompanied by purely abstract logic-gate formalizations. No concrete engineered construct is depicted.",
10.1021/sb400050k,2013,2012-2013,calibration,historical_2025_era_v3,whole_paper,1,2,True,True,True,"Panel (a) lays out the synthetic transposon mTn5[GFP·NIa1] as a designed physical construct — ME ends, gfp, KmR cassette and NIa target peptide bracketed by SbfI/NotI/PvuII sites — with panels (b) and (c) showing the derived NotI- and SbfI-religated products. This construct/cloning cartography is the central subject and is countable under the 2012-2013 convention.",
10.1021/sb400050k,2013,2012-2013,calibration,historical_2025_era_v3,whole_paper,1,3,True,True,True,"Panel (a) is a conventional plasmid map of the xylR target vector (BamHI-XbaI insert, oriV, bla, promoter) as the substrate of in vitro transposition, and (b) follows the recloned insertion products in the same vector. Physical vector/mutagenesis cartography is a central subject, which the early panel counted.",
10.1021/sb400050k,2013,2012-2013,calibration,historical_2025_era_v3,whole_paper,1,4,True,True,True,"Panel (a) is a concrete depiction of the specific engineered XylR variants assayed in panels (b) and (c), showing the modular construct with the knocked-in NIa cleavage-site insertions at M75, G154, D210 and E499. Such schematics identifying the experimental material count in this era even when the rest of the figure is a blot and bar plots.",
10.1021/sb400050k,2013,2012-2013,calibration,historical_2025_era_v3,whole_paper,1,5,True,True,True,"Panel (a) depicts the concrete engineered reporter used in the experiment — the Pu-lacZ fusion drawn as promoter, CDS and flanking terminators — together with the specific NIa-cleavable XylR variants whose phenotypes are read out in panel (b). The truth tables and gate symbols alone would not count, but the construct depiction does.",
10.1021/sb400050k,2013,2012-2013,calibration,historical_2025_era_v3,whole_paper,1,6,True,True,True,"Panel (a) lays out the composition of the five engineered XylRΔA protein variants (SP1-SP5), with their N- and C-terminal sequences, domain content and E499 cleavage sites, identifying exactly the material measured in panels (b) and (c). This is a concrete design depiction, not annotation of a native sequence.",
10.1021/sb400053b,2014,2014-2016,calibration,historical_2025_era_v3,whole_paper,1,1,False,False,True,"Panels a, c and d are phase-contrast/fluorescence micrographs and panel b is a protocol schematic of the two-layer collagen transfection method, with panel d's inset a conceptual cartoon of a cyst secreting HGF; the construct names (CMV-EGFP, CMV-HGF-IRES-EGFP) appear only as text labels, with no depiction of the cassette's composition or arrangement.",
10.1021/sb400053b,2014,2014-2016,calibration,historical_2025_era_v3,whole_paper,1,2,False,False,True,"The figure is a timelapse montage of micrographs of an MDCK-MMP-1-d2EGFP cyst responding to HGF, containing no diagram of the reporter construct or any other engineered DNA.",
10.1021/sb400053b,2014,2014-2016,calibration,historical_2025_era_v3,whole_paper,1,3,False,False,True,"All four panels are quantitative data plots (dose-response curves, a Hill fit, a qRT-PCR bar chart, and an NK4 inhibition curve) with no construct schematic identifying the measured DNA.",
10.1021/sb400053b,2014,2014-2016,calibration,historical_2025_era_v3,whole_paper,1,4,False,False,True,The figure consists entirely of fluorescence decay and induction plots with exponential fits and a legend key; no nucleic-acid design content is depicted.,
10.1021/sb400053b,2014,2014-2016,calibration,historical_2025_era_v3,whole_paper,1,5,False,False,True,"Every panel is a micrograph of locally transfected cysts, and the transfected plasmids (pCMV-mCherry-IRES-HGF, CMV-EGFP-IRES-HGF, mCherry-IRES-NK4) are identified only by text headings rather than by any drawn cassette or plasmid schematic.",
10.1021/sb400053b,2014,2014-2016,calibration,historical_2025_era_v3,whole_paper,1,6,False,False,True,"The panels are stitched widefield fluorescence images, a radial intensity profile plot, and 3D surface plots of the diffusion response; the sender-cell constructs are named in labels and captions but never drawn as a construct diagram.",
10.1021/sb400065q,2014,2014-2016,calibration,historical_2025_era_v3,whole_paper,1,1,False,False,True,"Panel (a) is a protein-only schematic of the AcrAB-TolC tripartite pump in the membrane, and panel (b) is a directed-evolution workflow schematic (mutagenesis, transformation, competition, screening) illustrated with cartoon cells, a crystal structure, and a growth plot. The small loop in the mutagenesis step carries no annotated sequence features or construct composition, so no engineered nucleic-acid design is specified.",
10.1021/sb400065q,2014,2014-2016,calibration,historical_2025_era_v3,whole_paper,1,2,False,False,True,Panel (a) is a cell-density growth curve and panel (b) shows PyMOL renderings of the AcrB protein structure with mutated residues highlighted. This is protein structure plus data plots with no nucleic-acid construct depiction.,
10.1021/sb400065q,2014,2014-2016,calibration,historical_2025_era_v3,whole_paper,1,3,False,False,True,The figure consists entirely of eight growth-curve plots of cell density versus time under different inhibitors. It contains only data charts and no construct schematic.,
10.1021/sb400065q,2014,2014-2016,calibration,historical_2025_era_v3,whole_paper,1,4,False,False,True,Panel (a) is a growth-curve plot and panel (b) shows protein structural models of the Var1-1 and Var1-2 AcrB variants with mutation call-outs. No engineered DNA construct is drawn.,
10.1021/sb400065q,2014,2014-2016,calibration,historical_2025_era_v3,whole_paper,1,5,False,False,True,"Panels (a), (c), (e) are growth curves and panels (b), (d), (f) are AcrB protein structure models with individual mutated residues labeled. Protein-only structures and data plots contain no nucleic-acid design content.",
10.1021/sb400065q,2014,2014-2016,calibration,historical_2025_era_v3,whole_paper,1,6,False,False,True,Both panels are growth-curve plots of cell density versus time for the proton-relay mutant strains. The figure is purely data plots with no construct diagram.,
10.1021/sb500023f,2014,2014-2016,calibration,historical_2025_era_v3,whole_paper,1,1,True,True,True,"Panel (a) lays out the aromatic biosensor design as sequence features on a backbone — constitutive promoter, RBS, TF CDS, cognate promoter, sfGFP, terminators — with the promoter and RBS part libraries (J23113–J23106, B0032–B0034) used to tune expression. That is a design specification for an engineered construct, drawable in SBOL Visual glyphs, and the remaining data plots do not change the panel's status.",
10.1021/sb500023f,2014,2014-2016,calibration,historical_2025_era_v3,whole_paper,1,2,True,True,True,"Although the figure's bulk is interference regression plots and panel (b) is an abstract slope schematic, panel (a) depicts the concrete biosensor cassette — constitutive promoter, TF CDS, cognate promoter, sfGFP, terminators — together with inducer interactions, identifying the specific engineered DNA being measured. The era standard treats such experimental-design construct schematics inside a mechanism illustration as countable.",
10.1021/sb500023f,2014,2014-2016,calibration,historical_2025_era_v3,whole_paper,1,3,True,True,True,"Panel (a) specifies the NahF-R biosensor construct as a design: NahF driven by the J23114 constitutive promoter plus the NahR CDS and the Pr/Psal divergent promoters driving sfGFP, with the enzymatic SaD→SaA conversion feeding the regulator. This is construct composition and functional interaction, fully expressible with SBOL Visual glyphs.",
10.1021/sb500236e,2014,2014-2016,calibration,historical_2025_era_v3,whole_paper,1,1,False,False,True,"Panels a–e are abstract model-topology diagrams of two-gene circuits, drawn as reaction/flux graphs over state variables (A-mRNA X1, Activator X2, R-mRNA X3, Repressor X4) with generic activation/repression arrows. No engineered construct composition — no promoters, RBSs, CDSs, terminators, or backbone arrangement — is specified, and the 2014–2016 boundary excludes abstract gene-circuit and model topology.",
10.1021/sb500236e,2014,2014-2016,calibration,historical_2025_era_v3,whole_paper,1,2,False,False,True,"The three panels are metabolic-pathway/model schematics of an amino acid biosynthetic system (NA → mRNA → enzyme → substrate → product) with feedback arrows, used to illustrate mathematically controlled comparison. Its organizing structure is a pathway and model, with no depiction of the composition or arrangement of an engineered DNA construct.",
10.1021/sb500236e,2014,2014-2016,calibration,historical_2025_era_v3,whole_paper,1,3,False,False,True,"Panel a is the same abstract circuit-architecture graph of model species and feedback arrows, and panels b–d are design-space heat maps and a time-course plot. Nothing identifies a concrete engineered construct or reporter cassette; abstract circuit topology is explicitly not counted for this era.",
10.1021/sb500236e,2014,2014-2016,calibration,historical_2025_era_v3,whole_paper,1,4,False,False,True,"Both left and right panel sets pair an abstract activator/repressor model-topology diagram (panel a) with parameter-space phenotype maps and simulated time courses (panels b–d). No sequence features, cassette layout, or physical construct cartography appear anywhere in the figure.",
10.1021/sb500236e,2014,2014-2016,calibration,historical_2025_era_v3,whole_paper,1,5,False,False,True,"Panels a are abstract feedback-architecture graphs over mRNA and regulator variables, and the remaining panels are design-space heat maps and oscillation traces. This is model topology plus data plots, not a design specification for a nucleic-acid construct.",
10.1021/sb500236e,2014,2014-2016,calibration,historical_2025_era_v3,whole_paper,1,6,False,False,True,Identical in kind to Figures 4 and 5: abstract circuit-topology diagrams for repressor-primary control paired with phenotype maps and simulated dynamics. No engineered construct composition is depicted.,
10.1021/sb500236e,2014,2014-2016,calibration,historical_2025_era_v3,whole_paper,1,7,False,False,True,"The figure consists entirely of data plots — a trade-off curve, design-space phenotype maps, and global-tolerance dot plots. It contains no construct or circuit depiction at all.",
10.1021/acssynbio.5b00018,2015,2014-2016,calibration,historical_2025_era_v3,whole_paper,1,1,False,False,True,"Figure 1 is a software GUI screenshot showing a codon wheel, a degenerate codon text display, and a bar chart of codon counts per amino acid. It contains no depiction of an engineered nucleic-acid construct's composition or arrangement, so there is nothing that SBOL Visual glyphs could represent.",
10.1021/acssynbio.5b00043,2015,2014-2016,calibration,historical_2025_era_v3,whole_paper,1,1,True,True,True,"The ""Construct"" panel lays out standardized parts — promoters, RBSs, terminators — and assembles them into a gene expression cassette on a backbone line, which is a design specification directly expressible in SBOL Visual glyphs. The surrounding design–build–test workflow, discovery-tool schematics, and CRISPR/MAGE mechanism cartoons do not disqualify the figure, since the parts-composition panel is judged on its own terms.",
10.1021/acssynbio.5b00170,2015,2014-2016,calibration,historical_2025_era_v3,whole_paper,1,1,True,True,True,"Panel A lays out the memory switch as a concrete engineered construct — P_tac/P_BAD/P_trc* promoters, HbiF, FimE and GFP coding regions, terminators, and the invertible promoter flanked by IRR/IRL sites — specifying the design of the DNA measured in the accompanying plots, and panel F adds a plasmid map (kanR, IS1, ColE1) that the 2015-era boundary also counts.",
10.1021/acssynbio.5b00170,2015,2014-2016,calibration,historical_2025_era_v3,whole_paper,1,2,True,False,False,"The figure is a mathematical model of the NOT gate: panel A's organizing structure is a model-parameter/rate-constant graph (α, γ, k, C terms) rather than a construct design specification, and panels B-F are simulation plots. Abstract model topology is explicitly not counted for this era.",
10.1021/acssynbio.5b00170,2015,2014-2016,calibration,historical_2025_era_v3,whole_paper,1,3,True,True,True,"Panel A is a concrete schematic of the combinatorial NOT gate construct (P_BAD-FimE, P_JF1-HbiF, the IRL/IRR-flanked invertible promoter driving GFP), and panel G shows the sequenced 1.3 kb plasmid map; the annotated pcnB/dcuRS loci in panel H are sequence annotation, but the construct depictions stand on their own.",
10.1021/acssynbio.5b00218,2015,2014-2016,calibration,historical_2025_era_v3,whole_paper,1,1,True,True,True,"Panels A, B, and E lay out rRNA operon constructs as linear designs on a backbone — promoter, 16S/o16S, circularly permuted 23S, 5S, and self-cleaving HH/HDV ribozyme elements — specifying the composition and arrangement of the engineered Ribo-T operon rather than annotating a native sequence. This is exactly the kind of construct design SBOL Visual glyphs express, notwithstanding the surrounding timeline, crystal structures, and sucrose-gradient plot.",
10.1021/sb4001189,2015,2014-2016,calibration,historical_2025_era_v3,whole_paper,1,1,True,True,True,"Panel B is a concrete plasmid map laying out the promoter-CAT reporter cassette with KanR and Rep, specifying the engineered construct measured in panel C; although panel A is an excluded annotated sequence map, the reporter-cassette depiction counts on its own terms and could be drawn with SBOL Visual glyphs.",
10.1021/sb4001189,2015,2014-2016,calibration,historical_2025_era_v3,whole_paper,1,2,True,True,True,"Panel A is a plasmid diagram specifying the composition and arrangement of the CAT/lacZ reporter cassette and the oppositely oriented tetR expression cassette, including the TetR repression interaction — a design specification directly renderable in SBOL Visual.",
10.1021/sb4001189,2015,2014-2016,calibration,historical_2025_era_v3,whole_paper,1,3,True,True,True,"Although the figure is organized as a screening workflow with data plots, panel A(a) includes a concrete promoter-GFP reporter plasmid schematic with KanR and Rep that identifies the specific engineered construct screened, which the 2014-2016 boundary treats leniently as an experimental-design identifier.",
10.1021/sb4001189,2015,2014-2016,calibration,historical_2025_era_v3,whole_paper,1,4,True,True,True,"Panel B is a plasmid map specifying the alsS cassette under PrrsC-O1-O1 together with the PphaC1-G3::tetR cassette and their regulatory interaction, a construct design that maps directly onto SBOL Visual glyphs.",
10.1021/sb500278z,2015,2014-2016,calibration,historical_2025_era_v3,whole_paper,1,1,False,False,True,"A conceptual mechanism cartoon of oligonucleotide-conjugated β-lactamase and BLIP hybridizing with template and target strands; it depicts base-pairing/strand-displacement domains and protein-protein interaction, not the composition of an engineered nucleic-acid construct.",
10.1021/sb500278z,2015,2014-2016,calibration,historical_2025_era_v3,whole_paper,1,2,False,False,True,"Panels comprise a protein crystal structure, a synthetic bioconjugation chemistry scheme, SDS-PAGE gels, and SEC traces; none specifies the design of an engineered DNA construct.",
10.1021/sb500278z,2015,2014-2016,calibration,historical_2025_era_v3,whole_paper,1,3,False,False,True,A Coomassie-stained SDS-PAGE gel image with a component loading table; gel images are explicitly outside SBOL Visual scope.,
10.1021/sb500278z,2015,2014-2016,calibration,historical_2025_era_v3,whole_paper,1,4,False,False,True,A bar chart of hydrolysis rates paired with the same mechanistic strand-hybridization cartoon; the DNA depiction shows template-loop and target base-pairing domains rather than an engineered construct's sequence-feature composition.,
10.1021/sb500278z,2015,2014-2016,calibration,historical_2025_era_v3,whole_paper,1,5,False,False,True,"A single data plot of enzymatic hydrolysis rate versus target concentration, with no schematic content.",
10.1021/sb500278z,2015,2014-2016,calibration,historical_2025_era_v3,whole_paper,1,6,False,False,True,A heatmap of hydrolysis rates across viral template/target pairs; it is purely a data plot with no construct design depiction.,
10.1021/sb500365m,2015,2014-2016,calibration,historical_2025_era_v3,whole_paper,1,1,True,True,True,"Both panels terminate in a concrete reporter cassette (a synthetic promoter P_synth driving a GFP CDS) that specifies the engineered response unit built for the biosensor, and the caption frames the whole figure as assembling sensing/processing/response units from parts. Under the 2015-era boundary this reporter-cassette schematic counts even though it sits at the end of a signaling mechanism.",
10.1021/sb500365m,2015,2014-2016,calibration,historical_2025_era_v3,whole_paper,1,2,True,True,True,"Panels a and d each draw the specific engineered reporter construct (P_mating pathway-GFP and P_Fig1-GFP) that identifies the DNA measured in the accompanying dose-response and fold-change plots, including the single-copy versus multicopy promoter-reporter variants compared in b and c. The era policy treats such concrete construct identifiers leniently despite the surrounding data plots and mechanism.",
10.1021/sb500365m,2015,2014-2016,calibration,historical_2025_era_v3,whole_paper,1,3,True,True,True,"Panel a depicts the sensor strain's reporter plasmid as a promoter-CDS cassette (P_Fig1-GFP), specifying the engineered construct whose output the b-e panels quantify, and panels b/c enumerate the expression constructs (P_TEF1-GPR40, P_TEF1-OR1G1, P_Fig1-GFP) present in each strain. This is a concrete experimental-design construct depiction rather than a sequence annotation or cloning map.",
10.1021/sb500365m,2015,2014-2016,calibration,historical_2025_era_v3,whole_paper,1,4,True,True,True,"Panel a is explicitly a design specification of the synthetic response units — synthetic transcription factors composed of named activation, phosphorylation and DNA-binding domains, paired with synthetic promoters carrying five Gal4 or four lexA binding sites driving GFP — and panel b shows the same P_synth-GFP cassette in the sensor context. This is exactly the composition-and-arrangement content SBOL Visual glyphs express.",
10.1021/acssynbio.5b00124,2016,2014-2016,calibration,historical_2025_era_v3,whole_paper,1,1,True,True,True,"The figure lays out basic parts (promoter, RBS, CDS, terminator) and their hierarchical assembly into transcriptional units and multi-TU devices on plasmid backbones, specifying the composition and arrangement of engineered constructs. Under the 2014-2016 boundary, this assembly/vector cartography is a central subject and counts even with its emphasis on restriction sites, fusion overhangs, and selection markers.",
10.1021/acssynbio.5b00124,2016,2014-2016,calibration,historical_2025_era_v3,whole_paper,1,2,True,True,True,"Although the panels are scatter plots of MEFL fluorescence, each contains concrete inset schematics of the specific promoter:RBS:CDS:terminator transcriptional units and multi-TU vectors being measured, identifying the engineered DNA behind the data. The era policy treats such experimental-design construct identifiers as countable even when small.",
10.1021/acssynbio.5b00197,2016,2014-2016,calibration,historical_2025_era_v3,whole_paper,1,1,False,False,True,"A genetic code / codon table reporting tRNA isoacceptor decoding patterns and abundances; it is a data table, not a diagram of an engineered nucleic-acid construct.",
10.1021/acssynbio.5b00197,2016,2014-2016,calibration,historical_2025_era_v3,whole_paper,1,2,False,False,True,Panel (a) is an aminoacylation kinetics plot and panel (b) a table of dissociation constants; no construct design is depicted anywhere in the figure.,
10.1021/acssynbio.5b00197,2016,2014-2016,calibration,historical_2025_era_v3,whole_paper,1,3,False,False,True,"Northern blot autoradiograph images of acylated and deacylated tRNA; gel images alone, with the plasmid and gene-copy details described only in the caption text.",
10.1021/acssynbio.5b00197,2016,2014-2016,calibration,historical_2025_era_v3,whole_paper,1,4,False,False,True,A linear map of sfGFP marking the residue positions of targeted Ser/Leu codons and whether 3-I-Phe was incorporated at each; this annotates where features sit in a native sequence rather than specifying the composition of an engineered construct.,
10.1021/acssynbio.5b00197,2016,2014-2016,calibration,historical_2025_era_v3,whole_paper,1,5,False,False,True,"A tandem mass spectrum with peptide fragment assignments; the codon strip above the spectrum labels the analyzed peptide's residues, not an engineered construct's design.",
10.1021/acssynbio.5b00197,2016,2014-2016,calibration,historical_2025_era_v3,whole_paper,1,6,False,False,True,Extracted ion chromatograms from SRM quantification; purely a data plot with no nucleic-acid construct depiction.,
10.1021/acssynbio.5b00249,2016,2014-2016,calibration,historical_2025_era_v3,whole_paper,1,1,False,False,True,"All four panels are data plots — a growth curve, a correlation heatmap with dendrogram, expression box plots, and a KEGG category bar chart. No engineered nucleic-acid construct is depicted anywhere in the figure.",
10.1021/acssynbio.5b00249,2016,2014-2016,calibration,historical_2025_era_v3,whole_paper,1,2,False,False,True,"Panels A, C–F are an MA-plot, gel images, and an electropherogram. Panel B is an annotated native gene-locus map showing exon boxes with sgRNA cleavage positions and PAM sequences, which documents where target sites sit in the genome rather than specifying the composition of an engineered construct — explicitly excluded by the 2014–2016 boundary.",
10.1021/acssynbio.5b00249,2016,2014-2016,calibration,historical_2025_era_v3,whole_paper,1,3,False,False,True,Every panel is a viable-cell-density growth curve comparing knockout lines to wild type. The figure contains only data plots and no construct or cassette depiction.,
10.1021/acssynbio.5b00249,2016,2014-2016,calibration,historical_2025_era_v3,whole_paper,1,4,False,False,True,The figure is a single bar chart of indel percentages at initial versus final passage for five target loci. It presents sequencing data with no diagram of an engineered nucleic-acid construct.,
10.1021/acssynbio.7b00209,2018,2017-2023,calibration,historical_2025_era_v3,whole_paper,1,1,True,True,True,"All five panels are plasmid diagrams that specify the composition and arrangement of engineered constructs — promoters, CDSs, polyA signals, recombinase recognition sites (loxP, attB/attP), P2A-linked recombinase cassettes and selection markers laid out on circular backbones. Under the 2017-2023 standard these are design specifications for constructs to be built, and the parts could be drawn with SBOL Visual glyphs.",
10.1021/acssynbio.7b00209,2018,2017-2023,calibration,historical_2025_era_v3,whole_paper,1,2,True,True,True,"Panels (b) and (c) are primer-annotated diagnostic maps and FISH micrographs, but panel (a) lays out the linearized A037 platform cassette as a design — SFM promoter, loxP, eGFP-hph-TK fusion marker, attB site and M2A/M2B homology hooks in defined order — and shows its designed composition within the HAC. Judged on its own terms, that construct depiction is a design specification, so the figure counts.",
10.1021/acssynbio.7b00209,2018,2017-2023,calibration,historical_2025_era_v3,whole_paper,1,3,True,True,True,"Every panel depicts the designed architecture of the platform cassette and the Type I/Type II carrier vectors, with promoters, GHT and PCF marker cassettes, loxP and attB/attP sites and inserted DNA segments arranged in explicit order. The recombination arrows organize the panels, but each state shown is a specification of an engineered construct's composition rather than a sequence annotation.",
10.1021/acssynbio.7b00209,2018,2017-2023,calibration,historical_2025_era_v3,whole_paper,1,4,True,True,True,"All four panels draw the carrier vectors and the resulting misassembled cassettes as linear part arrangements — promoter, GHT/PCF marker modules, loxP, attB/attP/attL/attR sites and DNA1/DNA2 segments. These specify the composition of the engineered constructs produced by each recombination outcome, which is directly expressible in SBOL Visual glyphs.",
10.1021/acssynbio.7b00209,2018,2017-2023,calibration,historical_2025_era_v3,whole_paper,1,5,True,True,True,"Although panel (a) begins with a genomic exon map and panels (c,d) are gels, the lower half of (a) specifies the EX1/EX2/EX3 carrier plasmid designs (loxP, attB''/attB, attP/attP'', marker modules and cloned exon fragment), and panel (b) lays out the designed platform-cassette composition after each round of insertion. Those construct depictions are design specifications, so the figure counts.",
10.1021/acssynbio.0c00133,2020,2017-2023,calibration,historical_2025_era_v3,whole_paper,1,1,True,True,True,"Panel B is a design schematic of the 3NFAT_Pmin-fLuc reporter construct, laying out three NFAT binding sites upstream of a minimal promoter driving a firefly luciferase CDS — an engineered nucleic-acid design that maps directly onto SBOL Visual glyphs. The surrounding pathway cartoon, protein domain map, plots, and micrographs do not disqualify the figure, since the construct panel is judged on its own terms.",
10.1021/acssynbio.0c00133,2020,2017-2023,calibration,historical_2025_era_v3,whole_paper,1,2,True,False,False,"Panels A, D, and H are protein domain architecture maps of engineered NFAT fusion proteins (Myc tag, TAD, NLS/NES, RHD, anchor peptide), with no depiction of the encoding nucleic-acid construct; the remaining panels are confocal micrographs, bar charts, and a membrane-localization mechanism cartoon. Protein-only linear domain diagrams with no nucleic-acid design content fall outside SBOL Visual.",
10.1021/acssynbio.0c00133,2020,2017-2023,calibration,historical_2025_era_v3,whole_paper,1,3,True,True,True,Panel C specifies the 10TALE_Pmin-fLuc reporter construct as a design — ten TALE target site repeats arranged upstream of a minimal promoter driving fLuc — which is exactly the kind of sequence-feature layout SBOL Visual glyphs represent. Panel A's protein domain map and panels D/E's plots are irrelevant to the verdict since the construct panel stands on its own.,
10.1021/acssynbio.0c00133,2020,2017-2023,calibration,historical_2025_era_v3,whole_paper,1,4,True,False,False,"Panel A is a protein domain map of the mNFAT:TALE:VP64:KRφ fusion, panel B a signaling/localization mechanism cartoon whose promoter-and-arrow sketch is incidental to the mechanism, and panels C–G are micrographs and bar charts. No panel lays out an engineered nucleic-acid construct's composition as a design.",
10.1021/acssynbio.0c00133,2020,2017-2023,calibration,historical_2025_era_v3,whole_paper,1,5,True,False,False,"Panel A is a TRPV1-mediated calcium signaling mechanism cartoon in which the target promoter appears only incidentally as the pathway endpoint, and panels B–D are reporter activity bar charts. The figure communicates stimulus-response mechanism and data rather than the design of a genetic construct.",
10.1021/acssynbio.0c00150,2020,2017-2023,calibration,historical_2025_era_v3,whole_paper,1,1,False,False,True,"Panels A and C are protein-level mechanism cartoons of membrane-anchored photoswitchable proteins (VVD, Cph1) homodimerizing across cell membranes under blue or red light, with no depiction of nucleic-acid sequence features or construct composition; panels B and D are fluorescence micrographs.",
10.1021/acssynbio.0c00150,2020,2017-2023,calibration,historical_2025_era_v3,whole_paper,1,2,False,False,True,Panel A is a grid of bright-field micrographs of cell suspensions under different illumination and panel B is a bar chart quantifying cluster size; neither depicts an engineered nucleic-acid construct.,
10.1021/acssynbio.0c00150,2020,2017-2023,calibration,historical_2025_era_v3,whole_paper,1,3,False,False,True,"Both panels are line plots of cluster size and normalized cluster area versus time, containing only quantitative data with no construct or circuit diagram.",
10.1021/acssynbio.0c00150,2020,2017-2023,calibration,historical_2025_era_v3,whole_paper,1,4,False,False,True,"Panels A-C are bright-field micrograph series across illumination cycles and panels D-E are time-course plots; the only schematic content is light-condition arrows, not a genetic design.",
10.1021/acssynbio.0c00150,2020,2017-2023,calibration,historical_2025_era_v3,whole_paper,1,5,False,False,True,"Panels A-D are confocal images of mixed cell populations connected by illumination-condition arrows and panel E is a bar chart; the arrow layout is an experimental-condition schematic, not a depiction of a nucleic-acid construct.",
10.1021/acssynbio.1c00142,2021,2017-2023,calibration,historical_2025_era_v3,whole_paper,1,1,False,False,True,"A four-step experimental workflow schematic (photolithographic array synthesis, TdT extension, hybridization detection, scanning/data analysis) with a micrograph and feature-layout grid; the strand cartoons illustrate assay mechanism and chemistry, not the composition of an engineered nucleic-acid construct as a design.",
10.1021/acssynbio.1c00142,2021,2017-2023,calibration,historical_2025_era_v3,whole_paper,1,2,False,False,True,"A percentile/box plot of fluorescent signal intensities annotated with chemical structures of the immobilized nucleotides; it is quantitative data plus molecular chemistry, with no construct design content.",
10.1021/acssynbio.1c00142,2021,2017-2023,calibration,historical_2025_era_v3,whole_paper,1,3,False,False,True,"Normalized signal-intensity curves, scatter plots, sequence logos of favored and disfavored initiator sequences, and a dimer chemical structure — data analysis and sequence-composition reporting rather than a design specification.",
10.1021/acssynbio.1c00142,2021,2017-2023,calibration,historical_2025_era_v3,whole_paper,1,4,False,False,True,"The same data-plot and sequence-logo format applied to 2'OMe-RNA initiators, plus a molecular structure of the immobilized dimer; it contains only charts and chemistry, no engineered construct layout.",
10.1021/acssynbio.1c00142,2021,2017-2023,calibration,historical_2025_era_v3,whole_paper,1,5,False,False,True,"Signal-intensity distributions, per-length scatter plots, WebLogo sequence logos, and an L-DNA dimer chemical structure — statistical and chemical depiction with no nucleic-acid design diagram.",
10.1021/acssynbio.1c00142,2021,2017-2023,calibration,historical_2025_era_v3,whole_paper,1,6,False,False,True,A chemical structure of a single hexaethylene glycol unit alongside a scatter plot of signal intensity versus HEG units; neither panel depicts sequence features or a genetic construct.,
10.1021/acssynbio.1c00525,2022,2017-2023,calibration,historical_2025_era_v3,whole_paper,1,1,False,False,True,"Panel A is a Golden Gate cloning workflow cartoon showing generic unlabeled colored fragments joining a destination vector to yield a 52-insert plasmid, and panel B is a photograph of an outgrowth plate; the construct depiction documents a cloning product and reaction workflow rather than specifying the composition and arrangement of an engineered design.",
10.1021/acssynbio.1c00525,2022,2017-2023,calibration,historical_2025_era_v3,whole_paper,1,2,False,False,True,The figure consists solely of a plaque-plate photograph and Bioanalyzer gel-style electropherogram traces of amplicon digests; it contains no diagram of nucleic-acid sequence features or construct architecture.,
10.1021/acssynbio.1c00617,2022,2017-2023,calibration,historical_2025_era_v3,whole_paper,1,1,False,False,True,Photographs of reaction tubes showing fluorescence emission under transilluminator and UV light; there is no diagram of any engineered nucleic-acid construct.,
10.1021/acssynbio.1c00617,2022,2017-2023,calibration,historical_2025_era_v3,whole_paper,1,2,False,False,True,"A reaction-mechanism schematic of reverse transcription, RPA strand invasion, and Cas12a cleavage; the DNA depictions annotate primer-binding regions and Cas12a target sites on a viral amplicon rather than specifying an engineered construct's design.",
10.1021/acssynbio.1c00617,2022,2017-2023,calibration,historical_2025_era_v3,whole_paper,1,3,False,False,True,Photographs of reaction tubes under a blue-LED transilluminator and UV light comparing screening-design conditions; contains no construct diagram.,
10.1021/acssynbio.1c00617,2022,2017-2023,calibration,historical_2025_era_v3,whole_paper,1,4,False,False,True,JMP prediction-profiler plots of fluorescence response and desirability against reaction factors; purely statistical data plots with no nucleic-acid design content.,
10.1021/acssynbio.1c00617,2022,2017-2023,calibration,historical_2025_era_v3,whole_paper,1,5,False,False,True,JMP prediction-profiler plots of modeled fluorescence response versus assay factors; purely statistical data plots with no construct depiction.,
10.1021/acssynbio.1c00617,2022,2017-2023,calibration,historical_2025_era_v3,whole_paper,1,6,False,False,True,Photographs of reaction tubes visualizing each screening condition; no diagram of sequence features or engineered constructs.,
10.1021/acssynbio.1c00617,2022,2017-2023,calibration,historical_2025_era_v3,whole_paper,1,7,False,False,True,JMP prediction-profiler plots for the RPA-CRISPR factor models; purely statistical data plots with no nucleic-acid design content.,
10.1021/acssynbio.1c00617,2022,2017-2023,calibration,historical_2025_era_v3,whole_paper,1,8,False,False,True,"Kinetic fluorescence curves, a bar chart of detection times, and a photograph of tubes under UV light; all data and photographic panels with no construct design diagram.",
10.1021/acssynbio.1c00617,2022,2017-2023,calibration,historical_2025_era_v3,whole_paper,1,9,False,False,True,"Kinetic fluorescence curves, a bar chart of minimum reaction times, and a tube photograph; entirely data plots and photographs with no engineered construct depiction.",
10.1021/acssynbio.2c00063,2022,2017-2023,calibration,historical_2025_era_v3,whole_paper,1,1,True,True,True,"Panel A lays out the one-plasmid genetic circuit as a design specification — promoters (Ptac, P2), RBSs, CDSs (cmeR, gfp), and terminators arranged in transcriptional units on a backbone — which is directly renderable in SBOL Visual glyphs; the inset -35/-10/cmeO sequence annotation is a subordinate detail rather than the panel's organizing purpose, and the remaining panels are data plots.",
10.1021/acssynbio.2c00063,2022,2017-2023,calibration,historical_2025_era_v3,whole_paper,1,2,True,True,True,"Panel A specifies the composition and arrangement of the chromosomally integrated control and sensor circuits (PTDH3-cmeR-TENO2, PCCW12-envy-TADH1) as engineered designs to build, which SBOL Visual glyphs could express; the TATA box / 2x cmeO sequence callout is an accompanying detail, and panels B-D are fluorescence data.",
10.1021/acssynbio.2c00155,2022,2017-2023,calibration,historical_2025_era_v3,whole_paper,1,1,True,True,True,"Panels A-C lay out the CRISPRi NOT gate as transcriptional units — promoter, gRNA/GFP coding regions, and terminators arranged on a backbone with repression interactions to dCas — which is a design specification for an engineered construct, not a sequence annotation or cloning map. The data plots in D and E do not negate the compatible construct depictions.",
10.1021/acssynbio.2c00155,2022,2017-2023,calibration,historical_2025_era_v3,whole_paper,1,2,True,True,True,"Panel A diagrams the asRNA, gRNA, and GFP transcriptional units with promoters and terminators plus their regulatory interactions, and panel C specifies the composition of logical and sinker nodes as buildable designs. Both are directly expressible in SBOL Visual glyphs.",
10.1021/acssynbio.2c00155,2022,2017-2023,calibration,historical_2025_era_v3,whole_paper,1,3,True,True,True,"Panel A presents the control, 1X inverter, and sequestration/feedback variants as complete circuit designs — ordered promoters, node CDSs, terminators, and repression edges in a fixed compositional context. This specifies constructs to build rather than annotating a sequence or documenting cloning.",
10.1021/acssynbio.2c00155,2022,2017-2023,calibration,historical_2025_era_v3,whole_paper,1,4,True,True,True,"Panel A specifies the 2X inverter and its sequestration/feedback variant as layered circuit designs with promoters, node coding regions, terminators, and repression interactions across the construct. The accompanying dose-response and time-course plots are supporting data, not the basis for exclusion.",
10.1021/acssynbio.2c00247,2022,2017-2023,calibration,historical_2025_era_v3,whole_paper,1,1,False,True,False,"Panel A depicts the transcriptional reporter construct as a design — a promoter (bent arrow) driving a Luciferase coding sequence, activated by released NICD — which is a genetic construct plus a regulatory interaction expressible in SBOL Visual glyphs, and it counts on its own terms even though the surrounding panels are a signaling mechanism, micrographs, and bar charts.",
10.1021/acssynbio.2c00247,2022,2017-2023,calibration,historical_2025_era_v3,whole_paper,1,2,False,False,True,"Panel A is a protein-only depiction of chimeric Dll4 ligand/Notch receptor domain architecture (mCherry-ICD-TM-ECD variants) spanning cell membranes, with no promoter, coding sequence, or other nucleic-acid design content; the remaining panels are a bar chart and fluorescence micrographs.",
10.1021/acssynbio.2c00247,2022,2017-2023,calibration,historical_2025_era_v3,whole_paper,1,3,False,False,True,The ff-synNotch schematic shows fusion-protein domain layout and rapamycin-mediated FKBP–FRB binding at the cell surface — a protein interaction mechanism with no nucleic-acid construct depicted; panels B and C are a luciferase plot and micrographs.,
10.1021/acssynbio.2c00247,2022,2017-2023,calibration,historical_2025_era_v3,whole_paper,1,4,False,False,True,"Panel A lays out TM-domain-swapped ligand and receptor fusion proteins in a membrane-signaling cartoon, which is protein-only architecture rather than a genetic construct design; the rest of the figure is a bar chart and micrographs.",
10.1021/acssynbio.2c00247,2022,2017-2023,calibration,historical_2025_era_v3,whole_paper,1,5,False,False,True,"Panels A and D diagram EGF-repeat deletions in ff-synNotch ligands and receptors as protein domain schematics at the cell–cell interface, with no promoters, CDSs, or backbone; panels B, C, E, and F are plots and micrographs.",
10.1021/acssynbio.2c00247,2022,2017-2023,calibration,historical_2025_era_v3,whole_paper,1,6,False,False,True,"The minimal ff-synNotch schematics in panels A and D again show only protein domain composition of membrane-bound ligand/receptor fusions and their binding mechanism, containing no nucleic-acid design content; the other panels are luciferase plots and TEC images.",
10.1021/acssynbio.2c00615,2023,2017-2023,calibration,historical_2025_era_v3,whole_paper,1,1,True,True,True,"Panel (b) lays out the composition of the engineered pACK57 and P4 cosmids as designs to build — promoters, a terminator, and CDS/RNA glyphs for psu, sid, tracrRNA, cas9, and the crRNA guide arranged on a backbone — and panel (a) similarly specifies the P2Δcosδε cassette with δ and ε under PrhaBAD. This is design specification of an engineered nucleic-acid construct, directly drawable in SBOL Visual.",
10.1021/acssynbio.2c00615,2023,2017-2023,calibration,historical_2025_era_v3,whole_paper,1,2,True,False,False,"Panel (a) is a mechanism illustration of Cas9 target recognition and double-strand break leading to cell death, in which the small tracrRNA/cas9/crRNA sketch is incidental rather than a design specification; panel (b) is an O-antigen glycan structure and panel (c) is a CFU bar chart. No panel communicates the composition of an engineered construct as its purpose.",
10.1021/acssynbio.2c00615,2023,2017-2023,calibration,historical_2025_era_v3,whole_paper,1,3,True,True,True,"Panel (a) specifies the composition and arrangement of the engineered P2ΔHG helper genome — gene content (orf30, V, W, J, I, fun(z)) with promoter arrangement and the removed tail fiber/chaperone genes — as a construct to build, which SBOL Visual glyphs could render. The remaining panels (protein domain bars and CFU/transductant plots) do not change that panel-level judgment.",
10.1021/acssynbio.3c00146,2023,2017-2023,calibration,historical_2025_era_v3,whole_paper,1,1,False,False,True,"Figure 1 shows chemical structures of the azobenzene and arylazopyrazole unnatural amino acids and their photoisomerization, with PSS and half-life values. It is purely chemical/mechanistic illustration with no nucleic-acid construct design content.",
10.1021/acssynbio.3c00146,2023,2017-2023,calibration,historical_2025_era_v3,whole_paper,1,2,False,False,True,Panels A–C are bar charts of GFP fluorescence for aaRS variants and panels D–F are protein structural models of the amino-acid binding pocket. No panel lays out sequence features or the composition of an engineered construct.,
10.1021/acssynbio.3c00146,2023,2017-2023,calibration,historical_2025_era_v3,whole_paper,1,3,False,False,True,Figure 3 consists solely of UV–vis absorbance spectra for the uAA and the ELP variants. It contains only data plots and no construct design depiction.,
10.1021/acssynbio.3c00146,2023,2017-2023,calibration,historical_2025_era_v3,whole_paper,1,4,False,False,True,"Figure 4 is entirely turbidity-versus-temperature plots for four ELP variants under different irradiation conditions. It is data only, with no genetic construct diagram.",
10.1021/acssynbio.3c00146,2023,2017-2023,calibration,historical_2025_era_v3,whole_paper,1,5,False,False,True,"Figure 5 comprises UV–vis spectra, turbidity profiles, and a reversibility cycling plot. All panels are data charts with no depiction of nucleic-acid design elements.",
10.1021/acssynbio.3c00423,2023,2017-2023,calibration,historical_2025_era_v3,whole_paper,1,1,True,True,True,"Panel B lays out the composition of the markerless integration vector as a design — homology arms, connectors, dropout, marker cassette, and backbone, plus the Golden Gate combination that yields the selectable vector — which is exactly the sequence-feature arrangement SBOL Visual glyphs express; the chromosomal locus map in A and the data plots in C–F do not undo that.",
10.1021/acssynbio.3c00423,2023,2017-2023,calibration,historical_2025_era_v3,whole_paper,1,2,True,True,True,"Panel A specifies the CRISPR-Cas9 plasmid design (promoters, Cas9 CDS, gRNA scaffold, spacer array, terminators, screening markers) and panel E lays out the reporter/marker composition of each integration vector; these are construct designs to build rather than sequence annotation.",
10.1021/acssynbio.3c00423,2023,2017-2023,calibration,historical_2025_era_v3,whole_paper,1,3,True,True,True,"Panels A and C depict the integration vectors and transient CRISPR-Cas9 plasmids as designs, showing promoter–CDS–terminator cassettes, marker choices, and backbone composition for each of the 1×–4× combinations, all renderable with SBOL Visual glyphs.",
10.1021/acssynbio.3c00423,2023,2017-2023,calibration,historical_2025_era_v3,whole_paper,1,4,True,True,True,"Panels A and D specify the architecture of the integration vector and the Level 1 cassette plasmids and the assembled multi-transcriptional-unit construct, giving the arrangement of connectors, transcriptional units, and marker as a design specification.",
10.1021/acssynbio.3c00423,2023,2017-2023,calibration,historical_2025_era_v3,whole_paper,1,5,True,True,True,"Panel A gives the engineered architecture of the three inducible promoter designs — UAS, operator/binding-site arrays, core promoter, and the mScarlet-I reporter CDS — together with the repressor/activator interactions driving them, which is design plus functional-interaction content SBOL Visual covers.",
